p_id,Gender,age,vintage (days),has_passed_logical_ability,has_passed_reading_comprehension,has_passed_general_awareness,has_passed_attention_to_detail,has_passed_pattern_recog,Life Time Earnings in Rs.,qualifiers_rejects,qualifiers_approved,qualifiers_re_attempts,voice_rejects,voice_approved,voice_re_attempts,sd_rejects,sd_approved,sd_re_attempts,ts_rejects,ts_approved,ts_re_attempts,other_data_rejects,other_data_approved,other_data_re_attempts,lives
19547,1,21,596,TRUE,TRUE,TRUE,TRUE,TRUE,107334,23,96,95,1,3,6,6,10064,670,2,1378,36,48,24388,1603,5
30161,2,25,407,TRUE,TRUE,TRUE,TRUE,FALSE,94145.44,34,87,115,3,2744,30,13,14778,1351,1,1949,67,101,25817,2672,5
50188,1,21,141,TRUE,TRUE,TRUE,FALSE,TRUE,88668,16,47,61,0,0,5,7,7861,698,4,658,33,40,19229,1243,5
37389,2,32,293,TRUE,TRUE,TRUE,FALSE,TRUE,80919.32,31,1087,114,64,8917,3,71,4736,497,51,1972,146,257,18641,1332,5
31188,1,26,384,TRUE,TRUE,TRUE,TRUE,TRUE,80561.69,13,107,77,1,1,3,3,10179,487,0,1740,26,31,19391,1793,5
39791,2,26,264,TRUE,TRUE,TRUE,FALSE,TRUE,80153.16,24,940,60,30,18316,1,0,178,56,0,17,1,58,21317,890,5
40590,1,27,250,TRUE,TRUE,TRUE,TRUE,TRUE,70737.89,26,58,55,23,165,1,59,8033,996,31,183,14,241,14703,1657,5
37771,2,36,287,TRUE,TRUE,TRUE,TRUE,TRUE,70065.68,22,1319,82,4,10957,2,0,139,28,0,119,3,35,14912,823,5
38818,1,20,278,TRUE,TRUE,TRUE,TRUE,TRUE,66067.8,20,222,58,0,3,0,5,9133,370,3,150,6,49,15588,1016,5
33473,2,23,360,TRUE,TRUE,TRUE,TRUE,FALSE,64673.71,16,240,104,0,1,1,37,9581,752,28,1925,57,175,16501,1873,5
8797,1,29,680,TRUE,TRUE,TRUE,TRUE,TRUE,61122.73,21,345,149,7,525,6,36,5955,442,12,1871,121,183,15840,1905,5
34972,1,24,336,FALSE,FALSE,TRUE,TRUE,TRUE,60557.83,12,87,78,0,1,1,5,5993,411,9,1961,35,52,14754,1347,5
27492,1,26,466,TRUE,TRUE,TRUE,TRUE,TRUE,60329.6,21,117,93,2,2,7,1006,6449,522,233,1088,38,2357,15475,1560,5
37862,2,24,287,TRUE,TRUE,TRUE,TRUE,TRUE,60314.71,20,291,123,86,7483,5,8,644,94,17,1963,76,201,16041,928,4
37744,2,33,288,TRUE,TRUE,TRUE,TRUE,TRUE,59142.35,17,1380,103,4,5521,1,2,4908,495,3,1079,9,26,15551,1267,5
39228,2,28,276,TRUE,TRUE,TRUE,TRUE,TRUE,56515.92,19,138,85,15,4215,1,1,6956,555,0,1554,109,40,18576,1839,5
40040,2,27,261,TRUE,TRUE,TRUE,TRUE,TRUE,54702.2,18,228,139,1,1,0,10,5931,348,1,395,10,67,13581,1712,5
48422,1,25,156,FALSE,FALSE,TRUE,TRUE,TRUE,54700.28,13,139,87,3,4108,6,3,5817,456,3,590,113,37,14260,1147,5
44521,2,31,208,TRUE,TRUE,FALSE,TRUE,TRUE,51744.09,24,152,90,17,3773,2,39,7094,806,25,1940,128,163,17268,2028,5
8133,1,20,700,TRUE,TRUE,FALSE,TRUE,TRUE,47162.43,19,136,112,0,3,0,6,3798,349,1,841,29,48,11097,1141,5
29412,1,19,427,TRUE,TRUE,FALSE,TRUE,TRUE,46844.46,19,94,83,10,2343,16,5,4770,406,5,1964,95,63,13751,1358,5
24918,2,19,519,FALSE,FALSE,TRUE,TRUE,TRUE,45991.87,11,105,66,3,228,1,42,5724,600,4,98,5,118,10140,1365,5
41150,1,20,246,TRUE,TRUE,TRUE,TRUE,TRUE,45673.06,22,334,131,17,6272,1,1,168,56,2,1111,50,67,12843,1094,5
35678,2,26,318,TRUE,TRUE,FALSE,TRUE,TRUE,44753.98,17,79,63,0,3,3,59,5972,534,20,648,43,217,11635,1449,5
31177,1,24,384,TRUE,TRUE,TRUE,FALSE,TRUE,44672.07,16,40,60,0,0,1,16,10067,918,0,590,24,33,11751,1114,5
31084,1,21,386,TRUE,TRUE,TRUE,TRUE,TRUE,44380.5,20,196,90,16,116,7,36,3709,435,71,1043,46,232,8698,1110,5
24987,2,24,517,FALSE,FALSE,FALSE,FALSE,FALSE,44294.47,29,67,125,0,0,0,15,7652,882,0,0,0,88,12053,2037,5
28335,1,25,451,FALSE,FALSE,TRUE,TRUE,TRUE,44241.77,13,187,92,2,2711,3,0,1101,129,0,1789,68,18,10960,1083,5
37335,1,26,293,TRUE,TRUE,TRUE,TRUE,TRUE,43704.79,22,47,78,0,4,3,15,7628,638,3,1938,164,49,11149,1303,5
6162,1,18,747,TRUE,TRUE,TRUE,TRUE,TRUE,42005.39,20,153,115,2,174,22,20,6427,688,2,468,20,115,11410,2205,5
40226,2,31,257,TRUE,TRUE,TRUE,TRUE,TRUE,41837.44,15,360,57,1,2925,3,13,7700,737,0,221,41,39,14802,1742,5
38311,1,22,279,TRUE,TRUE,TRUE,TRUE,TRUE,41778.31,25,79,96,0,1,4,4,5154,358,6,742,25,55,9672,1054,5
36281,1,19,305,TRUE,TRUE,TRUE,TRUE,TRUE,40796.63,16,71,57,0,0,1,8,6167,469,0,1871,97,28,9394,868,5
37677,2,44,289,TRUE,TRUE,TRUE,TRUE,TRUE,40391.38,23,176,93,2,1171,1,9,5518,469,1,1956,59,42,14682,1653,5
45687,2,40,186,TRUE,TRUE,TRUE,TRUE,TRUE,37939.22,24,165,116,0,0,5,3,4537,359,0,1207,37,51,11502,1515,5
25175,2,41,512,FALSE,FALSE,TRUE,TRUE,TRUE,37428.91,23,102,99,1,4,6,13,4904,350,6,142,5,101,11455,1448,5
37404,2,29,292,TRUE,TRUE,TRUE,TRUE,TRUE,36635.39,14,307,88,10,3852,1,1,2749,159,3,616,16,50,11842,989,5
36690,1,20,302,TRUE,TRUE,TRUE,TRUE,TRUE,36326.4,17,206,82,25,3702,5,33,2452,231,6,135,5,107,10249,1083,5
47976,1,20,159,TRUE,TRUE,TRUE,TRUE,TRUE,33390.69,14,191,49,1,0,2,4,5226,437,6,1016,45,31,9393,1042,5
26233,1,21,489,FALSE,FALSE,TRUE,TRUE,TRUE,31652.26,18,48,49,0,0,0,2,5051,241,0,247,13,26,7226,673,5
1254,2,19,852,FALSE,FALSE,TRUE,TRUE,TRUE,28963.98,21,97,79,0,21,0,4,1911,169,0,77,0,76,6404,905,5
39316,1,36,275,TRUE,TRUE,TRUE,FALSE,TRUE,28549.12,19,57,87,0,2,1,1,2453,268,0,524,7,23,6992,770,5
30049,2,18,412,TRUE,TRUE,FALSE,TRUE,TRUE,28313.9,14,133,69,8,919,0,14,1505,225,0,65,2,97,6434,818,5
36720,1,21,302,FALSE,FALSE,FALSE,FALSE,FALSE,27132.8,29,60,118,0,1,4,15,6569,730,8,363,29,66,10037,1582,5
23518,1,20,561,TRUE,TRUE,TRUE,TRUE,TRUE,26611.58,11,63,82,1,87,2,0,2915,190,1,1257,28,16,6976,542,5
46458,1,23,175,TRUE,TRUE,FALSE,TRUE,TRUE,26472.34,13,54,67,0,32,5,9,4630,681,5,910,13,32,8235,1222,5
47234,1,21,165,TRUE,,TRUE,TRUE,TRUE,26315.26,10,46,25,0,1,6,4,3940,482,0,1973,89,14,7147,798,5
49993,1,21,143,,FALSE,FALSE,TRUE,TRUE,26194.61,13,60,67,1,0,0,1,2681,183,1,211,6,26,6350,538,5
50727,1,20,135,FALSE,FALSE,FALSE,FALSE,TRUE,25300.58,29,21,50,1,0,0,43,3899,650,70,1750,157,146,6088,957,5
51751,2,22,126,FALSE,FALSE,FALSE,FALSE,FALSE,25288.55,15,40,24,1,0,0,7,4385,413,9,1966,149,46,8140,817,5
44239,1,22,212,TRUE,TRUE,FALSE,TRUE,TRUE,25136.31,21,211,146,1,0,6,20,5600,593,0,0,0,59,11277,1409,5
47227,1,18,166,TRUE,TRUE,TRUE,TRUE,TRUE,24331.13,13,62,43,1,3,0,7,2180,292,9,936,43,37,5446,603,5
47350,1,22,164,FALSE,FALSE,FALSE,FALSE,FALSE,24073.3,15,25,30,1,0,0,20,3341,400,10,1629,144,50,5684,679,5
44232,2,31,212,TRUE,TRUE,TRUE,TRUE,TRUE,23538.49,15,144,82,1,1815,0,8,3011,162,14,1108,26,47,7794,711,5
37608,2,23,289,TRUE,TRUE,TRUE,TRUE,TRUE,23440.99,12,82,114,6,850,0,1,2665,217,1,560,19,35,7432,1039,5
50640,2,26,136,TRUE,TRUE,TRUE,TRUE,TRUE,22957.19,14,139,69,0,0,0,3,1833,210,5,1841,31,33,7020,1129,5
46300,1,20,177,TRUE,TRUE,FALSE,TRUE,TRUE,22892.83,14,77,93,0,0,0,14,2147,236,17,1211,79,57,6072,688,5
50615,2,30,136,FALSE,FALSE,TRUE,TRUE,TRUE,22687.26,13,125,104,0,2095,0,1,1409,164,0,1974,26,16,6520,575,5
32123,2,20,375,FALSE,FALSE,TRUE,TRUE,TRUE,22573.48,14,41,56,0,0,5,3,3456,185,1,1974,53,24,7368,826,5
40283,2,26,256,TRUE,TRUE,TRUE,TRUE,FALSE,22491.01,30,191,161,0,0,5,1,436,145,1,1962,45,52,6153,1810,5
46913,2,23,169,FALSE,FALSE,TRUE,TRUE,TRUE,22472.94,18,52,58,1,0,3,4,4603,305,1,423,16,28,6387,755,5
47311,1,21,165,TRUE,TRUE,TRUE,TRUE,FALSE,22300.27,9,41,34,0,0,5,4,5749,474,0,142,4,17,6501,720,5
50272,1,21,140,TRUE,TRUE,TRUE,TRUE,TRUE,22042.54,8,56,29,1,0,0,2,2238,83,0,60,4,14,4865,199,5
50245,2,33,140,TRUE,TRUE,TRUE,TRUE,TRUE,21921.41,15,168,89,0,2804,2,1,579,104,0,941,6,21,6510,721,5
45773,1,26,184,TRUE,TRUE,TRUE,TRUE,TRUE,21784.09,10,31,47,0,1,2,2,1858,168,0,1418,73,17,5349,391,5
40558,1,25,250,FALSE,FALSE,FALSE,FALSE,FALSE,21261.64,13,38,68,0,1,7,22,3620,416,51,1478,29,98,5858,697,5
42991,1,19,227,TRUE,TRUE,FALSE,TRUE,TRUE,21240.85,10,62,82,1,2,2,1,3505,170,0,619,12,14,5958,579,5
49240,1,26,150,FALSE,FALSE,FALSE,FALSE,TRUE,20639.44,23,39,68,0,0,0,1,2866,339,0,1978,178,29,6314,812,5
39450,2,19,273,TRUE,TRUE,FALSE,TRUE,TRUE,20485.93,17,77,61,9,1207,1,14,1325,123,6,170,11,57,5874,492,5
51892,1,20,125,FALSE,FALSE,FALSE,FALSE,TRUE,20459.44,25,42,61,1,0,0,0,2835,307,1,1975,72,26,6949,639,5
53758,2,35,110,FALSE,FALSE,FALSE,FALSE,FALSE,20281.95,21,45,59,4,1903,0,0,281,35,5,1971,40,31,4956,343,5
37146,1,28,297,TRUE,TRUE,TRUE,TRUE,TRUE,20053.24,19,74,71,9,773,2,21,3469,273,0,11,0,77,7036,867,5
29308,1,26,429,TRUE,TRUE,TRUE,TRUE,TRUE,20030.21,12,140,70,1,3,8,2,701,85,0,1051,21,27,4896,843,5
45392,2,25,193,TRUE,TRUE,TRUE,TRUE,FALSE,19867.26,15,145,132,1,1,1,17,3203,272,1,250,5,58,8022,1260,5
53345,1,21,113,FALSE,FALSE,FALSE,FALSE,FALSE,19719.35,24,28,75,0,0,5,2,4372,277,5,1751,79,34,6846,523,5
41154,1,22,246,TRUE,TRUE,TRUE,TRUE,TRUE,19539.73,13,81,68,0,0,3,30,2328,190,55,1281,172,141,6181,949,5
49382,1,22,149,TRUE,TRUE,TRUE,TRUE,FALSE,19426.35,14,56,85,10,348,3,19,1976,288,6,1299,47,51,6363,906,5
53040,1,29,115,FALSE,FALSE,TRUE,TRUE,TRUE,19232.12,18,28,19,1,0,0,2,3591,302,2,1610,46,32,6477,547,5
53717,1,22,110,FALSE,FALSE,FALSE,FALSE,FALSE,19092.36,22,14,58,0,0,0,0,3995,255,0,1971,100,25,6326,451,5
48098,1,18,158,TRUE,TRUE,TRUE,FALSE,TRUE,18990.67,21,54,32,2,73,6,4,2658,381,3,1701,81,32,5862,811,5
28651,1,18,445,FALSE,FALSE,TRUE,TRUE,TRUE,18847.14,5,42,25,1,0,1,1,4635,313,0,2,0,7,5997,538,5
48097,1,19,158,TRUE,TRUE,TRUE,TRUE,TRUE,18512.14,19,88,52,3,67,4,17,2026,199,1,284,10,49,4428,469,5
29567,2,24,423,TRUE,TRUE,TRUE,FALSE,TRUE,18470.99,27,78,117,1,0,1,2,955,73,6,1648,60,59,4593,829,5
49075,1,19,151,FALSE,FALSE,TRUE,FALSE,FALSE,18223.14,22,25,41,1,0,1,2,3386,195,5,1851,195,35,6089,654,5
25167,1,18,512,FALSE,FALSE,TRUE,TRUE,TRUE,17430.48,9,40,34,0,0,4,4,2079,199,0,0,0,14,3653,372,5
47629,2,20,162,TRUE,TRUE,TRUE,TRUE,TRUE,17131.15,11,62,63,1,148,1,8,1388,116,10,1497,55,37,4119,430,5
42124,2,34,239,FALSE,FALSE,FALSE,FALSE,FALSE,16985.73,30,45,107,0,1,7,1,2318,336,3,1332,91,38,5227,1023,5
52032,2,33,123,TRUE,TRUE,FALSE,FALSE,FALSE,16920.6,25,122,101,9,2995,1,1,1380,208,3,233,30,45,5091,456,5
37338,2,25,293,FALSE,FALSE,FALSE,FALSE,FALSE,16865.06,26,46,55,3,588,3,5,2531,133,2,1307,51,43,5049,522,5
52446,1,19,119,TRUE,TRUE,TRUE,TRUE,TRUE,16851.28,6,51,35,0,0,0,0,2682,141,1,1452,22,7,5840,452,5
27027,1,20,478,TRUE,TRUE,TRUE,TRUE,TRUE,16809.27,17,51,75,21,269,0,1,2393,162,0,26,4,46,4152,515,5
52324,2,26,120,FALSE,FALSE,FALSE,FALSE,FALSE,16582.65,21,31,34,3,11,0,3,1600,268,12,1959,93,46,4831,622,5
51757,1,23,126,FALSE,FALSE,FALSE,FALSE,TRUE,16554.33,23,30,40,1,3,5,3,3212,411,0,1535,65,29,5402,697,5
40340,2,27,254,TRUE,TRUE,TRUE,TRUE,TRUE,16163.48,12,86,50,1,310,1,10,1776,243,16,742,24,64,4839,594,5
53120,1,27,115,TRUE,TRUE,TRUE,TRUE,TRUE,16022.64,19,193,115,2,1,4,2,1879,157,9,1916,89,33,4708,504,5
48713,2,38,154,TRUE,TRUE,TRUE,TRUE,TRUE,15842.61,14,62,74,0,0,0,1,1823,223,2,1615,62,19,4900,656,5
36458,1,22,304,FALSE,FALSE,FALSE,FALSE,FALSE,15675.21,31,37,79,1,2,4,10,2839,188,4,1249,168,50,5057,729,5
53710,1,31,111,FALSE,FALSE,TRUE,TRUE,TRUE,15484.26,14,37,57,0,1,6,1,899,237,3,1969,139,21,4277,687,5
53123,1,28,115,TRUE,TRUE,TRUE,TRUE,TRUE,15482.39,18,125,84,0,0,0,3,1796,229,3,1960,114,26,4773,631,5
37654,2,32,289,TRUE,TRUE,TRUE,TRUE,TRUE,15460.66,14,83,68,0,141,0,8,580,62,6,164,9,74,3831,605,5
41721,2,18,242,FALSE,FALSE,TRUE,TRUE,TRUE,15443.68,18,121,154,5,838,1,18,945,238,11,719,94,75,4648,1138,5
56153,2,25,96,FALSE,FALSE,FALSE,TRUE,FALSE,15360.26,14,37,55,1,701,2,0,0,0,0,1978,108,15,4315,581,5
40415,1,22,253,TRUE,TRUE,TRUE,TRUE,FALSE,15281.94,18,164,75,0,0,1,3,1356,62,8,1137,32,33,3934,406,5
1634,1,21,837,TRUE,TRUE,TRUE,FALSE,TRUE,15138.81,10,62,89,1,55,0,3,1880,233,4,199,7,37,3996,749,5
50281,1,24,140,FALSE,FALSE,FALSE,FALSE,TRUE,15073.53,17,16,42,0,0,2,18,2148,237,58,1913,98,95,4246,402,5
52564,1,28,118,TRUE,TRUE,TRUE,TRUE,TRUE,14884.83,4,46,23,0,0,0,5,1276,34,1,1558,25,12,4821,255,5
47821,2,26,160,FALSE,FALSE,TRUE,TRUE,TRUE,14831.33,13,45,58,1,0,1,19,917,79,19,1010,35,94,4104,621,5
50455,1,26,138,TRUE,TRUE,FALSE,TRUE,TRUE,14701.45,20,41,50,0,354,3,1,1966,281,3,1225,167,29,5067,765,5
39330,1,21,275,TRUE,TRUE,TRUE,TRUE,TRUE,14500.36,20,47,46,0,13,1,6,1823,193,1,916,37,32,4411,510,5
50928,1,22,134,FALSE,FALSE,TRUE,TRUE,TRUE,14232.97,9,37,59,1,0,0,0,1556,178,5,504,26,14,3683,494,5
34070,1,21,353,FALSE,FALSE,TRUE,FALSE,FALSE,14213.33,19,45,78,0,2,7,2,976,88,2,1929,124,29,3655,531,5
48192,2,37,158,FALSE,FALSE,FALSE,FALSE,TRUE,14205.41,24,40,106,1,1,1,0,615,147,0,1482,34,30,4369,798,5
47606,2,31,162,FALSE,FALSE,TRUE,TRUE,TRUE,14098.55,16,235,164,0,239,1,2,993,215,5,1133,51,30,4154,827,5
43640,2,23,216,TRUE,TRUE,TRUE,TRUE,TRUE,14057.66,23,60,79,3,714,0,6,1432,109,7,1109,9,51,4361,434,5
4392,1,20,755,FALSE,FALSE,FALSE,FALSE,TRUE,13861.5,35,73,105,1,1,2,0,1230,155,5,539,21,81,3370,770,5
46543,1,24,174,FALSE,FALSE,TRUE,TRUE,TRUE,13735.16,7,54,57,0,72,2,3,2666,269,1,278,3,23,3649,465,5
44848,1,21,202,FALSE,FALSE,FALSE,FALSE,FALSE,13620.45,17,26,53,1,0,0,1,1119,112,7,1845,140,27,3233,363,5
48895,1,21,153,TRUE,TRUE,FALSE,TRUE,TRUE,13352.6,22,110,91,2,145,6,7,791,129,24,1950,119,63,3284,475,5
49855,1,32,145,TRUE,TRUE,FALSE,FALSE,FALSE,13344.06,19,47,66,0,8,1,1,941,213,0,1850,58,23,3589,511,5
41081,1,18,246,TRUE,TRUE,TRUE,TRUE,TRUE,13320.04,23,67,58,0,2,0,22,1937,137,1,314,10,58,3364,408,5
48538,1,19,155,TRUE,TRUE,TRUE,TRUE,TRUE,13311.45,20,100,62,0,0,1,0,2455,186,0,0,0,23,3291,477,5
50650,2,22,136,TRUE,TRUE,FALSE,TRUE,TRUE,13259.59,16,50,63,3,1,1,4,2012,216,4,495,4,36,5116,878,5
47988,1,23,159,TRUE,TRUE,TRUE,TRUE,TRUE,13105.6,3,130,69,0,2,1,4,639,75,2,1289,72,14,3032,518,5
34826,1,22,342,TRUE,TRUE,FALSE,TRUE,TRUE,12851.11,22,61,86,2,4,3,21,1816,202,39,1382,58,103,3808,534,5
53122,2,30,115,FALSE,FALSE,FALSE,FALSE,FALSE,12645.25,25,43,86,0,560,8,0,0,5,12,1690,57,39,3590,529,5
42619,2,31,231,TRUE,TRUE,TRUE,TRUE,TRUE,12621.4,11,75,42,4,230,0,3,1219,177,0,36,2,28,3774,790,5
37998,2,18,284,TRUE,TRUE,TRUE,TRUE,FALSE,12540.25,28,73,65,10,322,2,1,2564,191,0,337,7,46,4348,542,5
47817,1,20,161,TRUE,TRUE,FALSE,TRUE,TRUE,12303.6,12,43,57,0,0,2,0,1227,197,1,1863,85,14,3223,367,5
30367,1,18,401,FALSE,FALSE,FALSE,FALSE,FALSE,12108.56,20,27,70,0,0,5,0,822,91,1,1973,13,22,3065,275,5
53166,1,26,114,FALSE,FALSE,TRUE,TRUE,TRUE,11970.16,12,42,43,0,0,5,1,207,51,4,1934,103,24,3193,389,5
8454,1,22,690,TRUE,TRUE,TRUE,TRUE,TRUE,11903.18,18,58,72,1,4,1,1,882,87,0,744,11,29,2698,422,5
25738,1,26,500,TRUE,TRUE,TRUE,TRUE,TRUE,11712.1,11,38,52,1,0,1,0,60,8,10,1961,40,33,2817,243,5
8467,2,27,690,TRUE,TRUE,TRUE,TRUE,TRUE,11705.4,23,49,56,0,2,0,4,248,37,9,1325,29,53,2937,466,5
58181,2,23,82,TRUE,TRUE,TRUE,FALSE,TRUE,11033.75,5,31,16,0,0,1,0,0,0,9,1970,102,16,2303,224,5
46940,2,28,169,TRUE,TRUE,TRUE,TRUE,FALSE,10981.66,6,56,30,4,127,0,4,609,38,27,1323,14,51,2741,187,5
54944,1,24,103,TRUE,TRUE,FALSE,TRUE,TRUE,10913.41,8,53,62,0,3,2,0,0,0,12,1629,118,22,2742,524,5
47569,2,33,163,TRUE,TRUE,TRUE,TRUE,TRUE,10906.89,15,44,96,2,128,2,0,720,127,5,1207,34,23,3096,489,5
35688,1,19,318,FALSE,FALSE,FALSE,FALSE,FALSE,10788.3,30,38,57,1,0,0,7,2502,331,0,0,0,61,3955,1174,5
46736,2,39,171,FALSE,FALSE,FALSE,FALSE,FALSE,10728.22,36,33,110,1,3,4,4,1467,274,12,1017,29,68,3172,630,5
47753,1,29,161,FALSE,FALSE,TRUE,FALSE,FALSE,10652.3,17,32,24,1,0,0,2,1092,54,1,1073,63,22,3021,405,5
56321,1,20,95,FALSE,FALSE,FALSE,FALSE,FALSE,10637,15,44,58,1,0,0,0,0,0,1,1979,115,18,2288,294,5
50198,1,23,141,TRUE,TRUE,TRUE,TRUE,TRUE,10602.87,7,32,42,0,0,1,5,2210,143,0,0,0,18,2649,265,5
47342,2,26,165,TRUE,TRUE,TRUE,TRUE,TRUE,10593.26,7,46,47,0,130,0,1,1516,189,1,788,24,9,3446,439,5
26904,1,21,480,TRUE,TRUE,TRUE,TRUE,TRUE,10569.45,11,46,53,0,1,0,0,8,3,5,380,12,49,2100,306,5
45878,1,40,183,FALSE,FALSE,FALSE,FALSE,TRUE,10552.15,9,23,33,1,0,3,19,1749,217,16,557,33,50,3029,461,5
45792,1,26,184,TRUE,TRUE,TRUE,TRUE,FALSE,10491.28,15,29,42,0,0,5,22,3446,328,27,494,34,73,4101,496,5
57056,2,18,90,FALSE,FALSE,FALSE,TRUE,FALSE,10102.5,18,29,41,1,0,0,0,0,0,1,1975,163,21,2122,238,5
41897,1,19,241,FALSE,FALSE,TRUE,TRUE,TRUE,9802.45,16,176,76,1,1,4,18,1142,151,23,595,27,82,2957,604,5
47181,2,33,166,FALSE,FALSE,FALSE,FALSE,FALSE,9787.99,16,41,58,0,2,2,9,775,72,8,995,20,53,2629,378,5
55394,1,20,100,TRUE,TRUE,FALSE,TRUE,TRUE,9744.84,7,82,37,3,805,1,0,0,0,2,838,15,20,3022,213,5
49267,1,18,150,TRUE,TRUE,TRUE,TRUE,TRUE,9541.04,8,50,60,1,2,3,2,325,29,2,925,31,31,2351,373,5
40299,1,21,255,TRUE,TRUE,TRUE,TRUE,TRUE,9366.39,18,48,73,1,3,2,7,642,96,2,664,48,30,2620,545,5
48565,1,18,155,FALSE,FALSE,FALSE,FALSE,FALSE,9223.75,27,29,77,1,0,1,5,1203,206,13,869,21,57,2762,540,5
45633,2,19,188,TRUE,TRUE,FALSE,TRUE,TRUE,9100.26,17,41,36,1,0,0,4,1457,69,1,43,5,33,4061,494,5
2287,1,22,815,FALSE,FALSE,TRUE,TRUE,TRUE,8980.44,14,98,71,0,2,0,0,23,3,8,131,3,51,1793,394,5
47838,1,21,160,TRUE,TRUE,TRUE,FALSE,TRUE,8968,6,40,17,0,0,6,2,2815,268,0,4,0,10,3359,489,5
43785,2,18,215,FALSE,FALSE,FALSE,TRUE,FALSE,8861.64,18,35,55,1,0,0,18,1518,157,4,136,6,50,2375,433,5
44150,2,35,212,FALSE,FALSE,FALSE,FALSE,FALSE,8851.75,17,26,75,0,0,0,0,0,0,23,967,33,54,2812,511,5
49631,2,23,147,TRUE,TRUE,TRUE,FALSE,TRUE,8726.93,20,280,123,1,0,3,4,243,63,2,832,12,38,2773,538,5
54029,2,29,108,TRUE,TRUE,FALSE,TRUE,TRUE,8667.06,14,39,52,1,0,0,0,43,7,0,823,19,19,2697,645,5
43226,2,24,222,FALSE,FALSE,TRUE,TRUE,TRUE,8651.29,19,109,75,14,192,0,8,175,36,21,612,10,83,2334,439,5
40673,1,22,249,FALSE,FALSE,FALSE,FALSE,FALSE,8588.18,32,28,89,1,0,1,4,2493,381,0,0,0,41,3244,810,5
49135,2,25,151,TRUE,TRUE,TRUE,TRUE,TRUE,8565.7,12,24,22,1,0,2,0,1720,235,0,0,0,20,2069,326,5
35672,1,25,319,TRUE,TRUE,TRUE,TRUE,TRUE,8537.21,13,47,71,0,72,9,0,0,0,4,564,119,24,2550,666,5
57334,1,50,88,FALSE,FALSE,TRUE,TRUE,TRUE,8400.79,11,49,29,1,0,0,0,0,0,3,478,19,16,2400,370,5
64368,1,23,24,FALSE,FALSE,FALSE,FALSE,FALSE,8379.5,6,5,8,0,0,0,0,0,0,10,1955,85,18,1962,93,5
8647,1,18,684,TRUE,TRUE,TRUE,TRUE,TRUE,8313.73,11,51,50,0,3,2,0,46,21,1,607,32,20,1805,259,5
54406,1,31,106,FALSE,FALSE,TRUE,TRUE,TRUE,8194.43,8,25,58,2,1,3,0,0,0,1,1242,147,11,2142,446,5
28486,1,20,448,TRUE,TRUE,TRUE,TRUE,TRUE,8173.5,9,50,21,0,1,0,0,1390,46,0,5,0,10,2380,216,5
49167,1,29,150,TRUE,TRUE,TRUE,TRUE,TRUE,8110.47,17,117,85,1,3,1,0,80,20,3,874,31,36,2330,442,5
49114,1,25,151,FALSE,FALSE,FALSE,FALSE,FALSE,8030.85,18,13,53,0,0,5,0,671,109,1,1309,46,20,2144,285,5
50376,1,26,139,FALSE,FALSE,FALSE,FALSE,FALSE,8024.6,14,10,18,1,0,0,2,777,121,21,1201,63,40,2220,232,5
48785,2,28,154,TRUE,TRUE,FALSE,TRUE,TRUE,7914.25,20,41,91,0,18,5,0,2348,453,0,0,0,22,3125,707,5
39266,2,30,275,TRUE,TRUE,TRUE,TRUE,TRUE,7907.98,23,55,73,0,1,2,1,1613,162,0,0,0,24,2761,543,5
45231,1,21,196,FALSE,FALSE,FALSE,FALSE,TRUE,7803.75,19,18,53,1,0,4,38,2912,429,3,220,16,60,3239,525,5
49658,1,25,147,FALSE,FALSE,FALSE,FALSE,FALSE,7736.42,4,18,24,0,0,1,3,1802,442,0,265,12,8,2271,500,5
57134,1,21,89,FALSE,FALSE,FALSE,TRUE,FALSE,7696.3,19,15,28,1,0,0,0,0,0,9,1526,175,29,1578,213,5
63735,1,24,29,FALSE,FALSE,TRUE,TRUE,TRUE,7686.85,5,21,16,1,0,0,0,0,0,0,1658,32,5,1704,76,5
52710,1,25,118,FALSE,FALSE,FALSE,FALSE,FALSE,7665.9,11,24,35,1,2,4,3,1570,250,3,738,70,19,2824,565,5
41545,1,24,243,TRUE,TRUE,FALSE,TRUE,TRUE,7600.8,19,50,103,0,0,1,0,593,129,3,762,28,28,2195,467,5
9007,1,18,671,FALSE,FALSE,TRUE,TRUE,TRUE,7525.75,8,131,49,8,1873,1,0,0,0,0,53,4,18,2281,110,5
59114,1,19,72,FALSE,FALSE,FALSE,FALSE,TRUE,7330.25,10,4,12,0,0,0,0,0,0,12,1549,66,24,1563,81,5
43802,2,18,215,FALSE,FALSE,FALSE,FALSE,FALSE,7282.9,25,52,86,0,7,6,2,755,97,0,125,9,35,2082,481,5
4638,1,18,755,TRUE,TRUE,TRUE,TRUE,TRUE,7220.11,15,80,66,0,13,2,0,83,16,0,0,0,41,1376,428,5
53528,1,21,112,FALSE,FALSE,FALSE,FALSE,TRUE,7100.38,19,10,15,0,0,5,5,378,118,6,1369,84,33,1785,248,5
52555,1,21,119,TRUE,TRUE,FALSE,TRUE,TRUE,7048.41,8,43,64,1,0,0,0,258,62,0,1013,11,12,1995,255,5
55322,1,22,101,TRUE,TRUE,TRUE,TRUE,TRUE,7012.15,10,45,66,0,1,18,0,0,0,0,242,23,11,1766,359,5
52410,1,20,120,TRUE,TRUE,TRUE,TRUE,TRUE,7001.86,10,26,34,0,2,1,0,1669,134,0,735,12,11,2470,185,5
47674,2,32,162,FALSE,FALSE,FALSE,FALSE,FALSE,6930.55,26,26,92,1,2,1,0,0,0,17,1247,106,52,1726,290,5
51386,2,20,130,FALSE,FALSE,FALSE,FALSE,FALSE,6920,17,9,18,0,0,5,2,1030,180,8,870,72,30,1952,295,5
51643,2,20,127,TRUE,TRUE,FALSE,TRUE,TRUE,6871.59,17,39,54,0,0,0,0,682,54,5,510,13,25,2382,278,5
58865,1,38,75,FALSE,FALSE,TRUE,TRUE,TRUE,6830,10,104,72,1,2,2,0,0,0,3,1090,49,13,1535,189,5
53921,2,41,109,FALSE,FALSE,FALSE,FALSE,FALSE,6813.95,16,30,42,0,499,3,0,192,31,2,693,33,20,1867,283,5
47446,1,20,164,FALSE,FALSE,FALSE,FALSE,FALSE,6783.11,28,11,32,0,0,0,8,1685,330,8,515,37,46,2392,437,5
55007,1,21,103,FALSE,FALSE,FALSE,FALSE,FALSE,6765.4,20,19,48,0,0,5,0,0,0,8,1363,133,29,1426,197,5
39144,2,31,277,FALSE,FALSE,TRUE,TRUE,TRUE,6720.19,18,40,42,22,1002,8,17,460,72,0,0,0,110,2183,357,5
57590,1,22,86,FALSE,FALSE,FALSE,FALSE,FALSE,6590.55,14,33,35,0,80,2,0,0,0,21,911,67,39,1785,191,5
40933,1,23,247,TRUE,TRUE,TRUE,TRUE,TRUE,6571.17,9,40,26,0,1,3,1,649,38,6,628,12,19,1717,200,5
35355,1,18,329,FALSE,FALSE,FALSE,FALSE,FALSE,6534.96,28,24,23,1,0,1,27,1759,294,0,0,0,64,2300,471,5
60946,1,22,53,FALSE,FALSE,FALSE,FALSE,TRUE,6490.92,11,19,46,0,2,2,0,0,0,11,1121,31,27,1633,292,5
60222,1,20,60,TRUE,TRUE,TRUE,FALSE,TRUE,6428.91,4,26,20,1,2,2,0,0,0,2,1296,21,7,1630,73,5
58793,1,20,76,FALSE,FALSE,FALSE,FALSE,FALSE,6275.5,17,12,25,3,329,4,0,0,0,0,1105,81,22,1454,118,5
45699,2,24,186,FALSE,FALSE,FALSE,FALSE,FALSE,6212.16,25,44,90,45,431,6,30,241,40,49,684,41,188,1615,291,5
28779,1,26,442,TRUE,TRUE,TRUE,TRUE,TRUE,6206.65,8,38,27,0,0,0,0,0,0,15,1173,22,27,1616,134,5
45180,2,20,197,FALSE,FALSE,FALSE,FALSE,FALSE,6189.92,20,33,40,1,0,2,3,99,72,0,0,0,43,2680,682,5
45802,1,24,184,FALSE,FALSE,TRUE,TRUE,TRUE,6126.81,11,37,26,5,159,1,32,955,107,2,94,11,57,2086,379,5
51330,1,19,130,FALSE,FALSE,FALSE,FALSE,FALSE,6019.76,12,17,31,0,0,0,13,1252,156,0,0,0,28,1647,310,5
58002,1,46,83,FALSE,FALSE,TRUE,TRUE,TRUE,5883.05,9,38,43,0,3,6,0,0,0,0,904,41,11,1680,249,5
54351,1,40,106,FALSE,FALSE,FALSE,FALSE,TRUE,5876.05,19,16,23,0,0,5,0,0,0,9,1182,58,28,1288,98,5
52986,2,29,116,TRUE,TRUE,FALSE,TRUE,TRUE,5817.53,12,42,46,1,0,0,2,93,20,1,214,3,22,2281,303,5
48688,2,35,154,FALSE,FALSE,TRUE,TRUE,TRUE,5720.43,7,42,31,0,0,0,0,398,43,1,718,6,9,1649,190,5
45624,2,45,188,FALSE,FALSE,TRUE,FALSE,FALSE,5715.32,18,65,80,0,0,0,1,1878,269,0,10,0,22,2413,491,5
54057,1,20,108,FALSE,FALSE,FALSE,FALSE,FALSE,5692.5,6,16,18,0,0,1,1,66,6,2,1123,77,9,1260,123,5
47994,1,22,159,FALSE,FALSE,TRUE,TRUE,TRUE,5690.3,15,33,22,1,0,0,3,26,27,1,526,10,25,1342,176,5
53039,1,21,115,FALSE,FALSE,FALSE,FALSE,TRUE,5617.7,21,20,35,1,0,0,2,985,117,0,606,49,25,1866,265,5
54800,2,20,104,FALSE,FALSE,TRUE,TRUE,TRUE,5582.19,16,52,50,0,69,3,0,0,0,0,693,27,18,1720,233,5
50075,1,23,142,FALSE,FALSE,FALSE,FALSE,TRUE,5484.12,24,7,53,0,0,0,2,2259,244,0,0,0,31,2498,363,5
55627,1,19,99,TRUE,TRUE,TRUE,TRUE,TRUE,5481.3,5,147,31,0,1,0,0,0,0,0,630,6,5,1371,134,5
51599,1,21,127,FALSE,FALSE,FALSE,FALSE,FALSE,5467.36,16,20,32,1,3,3,0,638,141,6,754,25,23,1587,251,5
34035,1,23,354,FALSE,FALSE,FALSE,FALSE,FALSE,5421.35,17,43,67,0,369,1,1,512,61,0,366,7,23,1804,365,5
62845,1,24,37,FALSE,FALSE,TRUE,TRUE,TRUE,5397.85,7,22,17,1,0,0,0,0,0,0,1090,17,7,1277,64,5
54714,2,43,104,TRUE,TRUE,TRUE,TRUE,FALSE,5396.1,8,46,52,0,0,0,0,0,0,0,0,0,11,1756,453,5
52035,1,31,123,FALSE,FALSE,TRUE,TRUE,TRUE,5313.5,4,30,16,1,0,2,0,223,22,1,549,17,5,1668,202,5
60832,2,37,55,TRUE,TRUE,TRUE,TRUE,TRUE,5305.69,13,34,40,0,68,0,0,0,0,5,559,10,19,1749,243,5
52196,1,19,121,FALSE,FALSE,TRUE,TRUE,TRUE,5257.94,13,64,57,0,0,0,0,543,75,0,551,10,16,1768,252,5
46867,1,21,170,FALSE,FALSE,FALSE,FALSE,TRUE,5155.35,10,12,17,0,0,1,0,15,18,3,1211,55,13,1289,122,5
50356,1,21,139,FALSE,FALSE,TRUE,TRUE,TRUE,5098.12,12,32,85,0,0,5,6,1496,151,5,202,18,24,1883,351,5
59267,1,24,71,FALSE,FALSE,FALSE,FALSE,TRUE,5062.75,17,6,12,1,0,0,0,0,0,0,1008,87,17,1024,100,5
49526,2,30,148,FALSE,FALSE,FALSE,FALSE,FALSE,5058.25,26,11,30,0,0,4,10,2209,260,0,0,0,38,2257,300,5
58326,1,24,80,TRUE,TRUE,TRUE,TRUE,TRUE,5047.85,21,85,69,1,324,0,0,0,0,6,731,25,31,1244,125,5
44537,2,32,208,TRUE,TRUE,TRUE,TRUE,TRUE,5023.47,15,55,77,1,0,3,0,399,53,4,130,7,29,1934,390,5
53453,2,25,112,FALSE,FALSE,FALSE,FALSE,FALSE,5015.6,17,25,56,3,1197,5,0,0,0,0,0,0,26,1957,207,5
47713,2,24,161,FALSE,FALSE,FALSE,FALSE,FALSE,4921.66,14,32,41,0,53,2,0,211,25,17,541,13,38,1327,163,5
51084,1,21,132,TRUE,TRUE,FALSE,TRUE,TRUE,4789.38,6,42,33,0,0,2,1,722,73,0,300,6,9,1616,255,5
42364,2,28,234,TRUE,TRUE,TRUE,TRUE,TRUE,4772.09,7,42,32,0,0,0,11,391,34,20,365,21,72,1318,184,5
51088,1,26,132,TRUE,TRUE,FALSE,TRUE,TRUE,4765.28,8,35,42,1,0,0,0,674,93,0,390,17,14,1581,306,5
50850,2,26,134,TRUE,TRUE,TRUE,TRUE,TRUE,4761.43,15,114,76,1,0,0,2,583,46,4,175,5,30,1832,376,5
24799,1,19,525,TRUE,TRUE,TRUE,TRUE,TRUE,4739.52,8,43,36,1,0,1,0,16,4,9,689,9,26,1391,169,5
46915,1,22,169,FALSE,FALSE,TRUE,TRUE,TRUE,4714.67,13,31,45,1,0,2,1,253,34,5,720,22,19,1123,160,5
60393,2,34,58,TRUE,TRUE,TRUE,FALSE,TRUE,4692.19,9,23,60,1,0,0,0,0,0,7,414,11,18,1671,300,5
54803,1,21,104,TRUE,TRUE,TRUE,TRUE,TRUE,4650.95,4,44,44,0,1,0,0,0,0,0,604,33,9,1386,219,5
47430,2,25,164,FALSE,FALSE,TRUE,TRUE,TRUE,4636.85,8,175,60,1,0,0,2,781,123,5,417,43,15,1434,246,5
62963,1,26,36,FALSE,FALSE,FALSE,FALSE,TRUE,4581.25,8,6,20,1,0,0,0,0,0,3,1082,31,11,1093,53,5
55184,1,22,102,TRUE,TRUE,FALSE,TRUE,TRUE,4576.17,10,59,45,1,0,0,0,0,0,0,572,11,15,1510,257,5
56371,1,22,95,FALSE,FALSE,TRUE,TRUE,TRUE,4510.25,16,278,113,1,0,0,0,0,0,7,633,24,24,1306,253,5
49366,1,25,149,TRUE,TRUE,TRUE,TRUE,TRUE,4398.62,5,28,48,1,1,4,2,1246,149,0,0,0,7,1670,375,5
44385,1,19,211,FALSE,FALSE,FALSE,TRUE,FALSE,4396.05,18,18,51,1,0,2,9,977,203,0,503,24,29,1548,315,5
51232,2,21,131,TRUE,TRUE,TRUE,TRUE,TRUE,4358.11,10,51,56,1,2,1,2,212,23,0,213,12,13,1608,431,5
62689,2,22,38,FALSE,FALSE,TRUE,TRUE,TRUE,4328.41,5,180,56,2,3,4,0,0,0,1,465,5,9,1379,177,5
57113,1,20,89,FALSE,FALSE,FALSE,FALSE,FALSE,4307.7,16,13,23,1,0,4,0,0,0,11,869,38,30,890,64,5
45627,1,20,188,FALSE,FALSE,FALSE,FALSE,FALSE,4307.42,15,24,17,1,0,1,0,194,67,16,475,32,39,1076,188,5
52081,2,22,122,FALSE,FALSE,FALSE,FALSE,FALSE,4240.2,14,13,46,0,0,0,0,823,144,0,0,0,16,1930,520,5
58400,2,45,80,TRUE,TRUE,TRUE,TRUE,FALSE,4194.8,7,32,28,1,0,0,0,0,0,1,841,13,9,933,54,5
59092,1,18,72,FALSE,FALSE,TRUE,TRUE,TRUE,4175.65,11,117,57,2,581,0,0,0,0,0,403,11,16,1204,108,5
37628,2,30,289,TRUE,TRUE,TRUE,FALSE,TRUE,4131.78,13,64,52,0,2,1,4,142,24,0,9,0,44,1241,264,5
64749,1,21,21,FALSE,FALSE,FALSE,FALSE,FALSE,4105.5,8,5,11,1,0,0,0,0,0,11,939,83,20,948,99,5
58092,1,23,83,FALSE,FALSE,TRUE,TRUE,TRUE,4105.1,11,43,20,0,0,1,0,0,0,32,405,39,59,1303,208,5
50998,2,28,133,TRUE,TRUE,TRUE,TRUE,FALSE,4101.67,19,39,84,1,0,0,1,352,90,11,482,20,37,1370,329,5
50010,1,21,143,TRUE,TRUE,FALSE,TRUE,TRUE,4055.79,12,37,61,3,287,0,12,689,86,0,0,0,33,1383,186,5
48498,2,21,156,FALSE,FALSE,TRUE,TRUE,TRUE,4022.87,12,51,45,0,0,0,4,443,40,1,140,5,21,1151,265,5
59783,1,28,64,TRUE,TRUE,FALSE,TRUE,TRUE,3918.95,8,72,66,0,9,1,0,0,0,1,378,3,10,970,172,5
53249,2,20,114,FALSE,FALSE,FALSE,FALSE,TRUE,3897.63,14,24,42,0,0,1,8,640,99,2,438,26,27,1319,212,5
50973,1,21,133,FALSE,FALSE,TRUE,TRUE,TRUE,3874.04,14,29,46,0,0,5,2,1036,133,1,21,5,21,1398,267,5
51631,1,21,127,FALSE,FALSE,TRUE,TRUE,TRUE,3848.91,9,272,55,0,0,0,7,163,26,0,486,14,17,1136,144,5
39955,1,25,262,FALSE,FALSE,FALSE,FALSE,TRUE,3842.18,40,37,71,0,4,6,1,16,13,3,75,2,60,1497,363,5
59585,1,25,67,FALSE,FALSE,FALSE,FALSE,TRUE,3832.25,11,5,27,0,0,0,0,0,0,11,884,82,22,896,111,5
51978,1,22,124,TRUE,TRUE,FALSE,TRUE,TRUE,3781.3,17,34,50,0,2,4,1,788,109,0,0,0,21,1415,382,5
56821,1,22,92,TRUE,TRUE,TRUE,TRUE,TRUE,3729.76,6,33,34,0,1,2,0,0,0,0,39,2,12,1023,359,5
66176,1,25,13,FALSE,FALSE,FALSE,FALSE,FALSE,3718,7,4,5,1,0,0,0,0,0,1,902,37,9,910,42,5
64055,1,24,26,TRUE,TRUE,FALSE,TRUE,TRUE,3709.75,4,21,13,1,0,0,0,0,0,9,860,44,14,911,71,5
51530,1,22,128,FALSE,FALSE,TRUE,TRUE,TRUE,3692,9,35,35,0,2,2,1,205,68,1,320,11,20,1049,260,5
45703,2,23,186,FALSE,FALSE,FALSE,TRUE,FALSE,3682.5,16,26,74,0,1,4,0,0,0,1,43,1,46,1602,722,5
63294,1,30,33,FALSE,FALSE,TRUE,TRUE,TRUE,3620.55,4,15,22,0,0,1,0,0,0,3,816,30,7,868,66,5
59749,2,30,65,FALSE,FALSE,FALSE,TRUE,FALSE,3599.7,11,19,70,1,0,0,0,0,0,0,0,0,15,1599,560,5
63720,2,31,29,FALSE,FALSE,TRUE,TRUE,TRUE,3582.75,3,16,55,0,0,3,0,0,0,5,817,35,9,857,95,5
61088,2,25,52,TRUE,TRUE,FALSE,TRUE,TRUE,3549.05,10,13,20,0,0,0,0,0,0,2,790,24,13,833,46,5
49939,1,29,144,TRUE,TRUE,TRUE,TRUE,FALSE,3514.28,7,56,27,0,0,1,0,208,23,0,95,2,9,1503,215,5
44457,2,18,210,FALSE,FALSE,TRUE,TRUE,TRUE,3491.32,13,34,40,0,0,0,0,0,0,0,467,7,17,1085,229,5
45789,2,56,184,FALSE,FALSE,FALSE,FALSE,FALSE,3470.1,35,33,96,1,0,3,1,6,8,0,0,0,56,1401,499,5
51481,2,25,129,FALSE,FALSE,FALSE,TRUE,FALSE,3465.2,19,22,31,1,7,5,18,650,90,17,442,13,61,1157,141,5
48671,1,19,154,TRUE,TRUE,TRUE,TRUE,TRUE,3458.14,6,77,24,0,0,0,1,619,49,0,0,0,7,931,147,5
50715,1,23,135,FALSE,FALSE,TRUE,TRUE,TRUE,3457.71,20,43,95,3,1,2,0,127,41,0,218,28,22,1287,363,5
62765,2,40,37,FALSE,FALSE,TRUE,TRUE,TRUE,3405.05,2,30,25,0,19,1,0,0,0,8,730,10,10,930,76,5
64332,1,20,24,FALSE,FALSE,FALSE,FALSE,FALSE,3384,6,6,12,0,0,5,0,0,0,10,839,26,18,848,38,5
60134,1,22,61,TRUE,TRUE,TRUE,TRUE,TRUE,3382.55,4,34,29,1,0,0,0,0,0,0,288,9,6,1189,240,5
60906,1,20,54,FALSE,FALSE,TRUE,TRUE,TRUE,3278.95,5,30,47,0,12,3,0,0,0,0,597,6,5,809,90,5
60479,1,20,57,FALSE,FALSE,FALSE,TRUE,FALSE,3215,7,11,22,1,0,0,0,0,0,0,182,4,9,693,88,5
44158,2,35,212,FALSE,FALSE,FALSE,TRUE,FALSE,3188.53,30,47,122,0,104,3,0,59,28,0,0,0,33,1237,449,5
54845,1,24,104,TRUE,TRUE,TRUE,FALSE,TRUE,3181.46,8,25,34,1,0,0,0,0,0,1,420,18,16,690,109,5
53330,1,31,113,FALSE,FALSE,TRUE,TRUE,TRUE,3162.94,5,43,46,0,0,0,0,142,13,0,238,5,9,1039,234,5
48851,2,29,153,TRUE,TRUE,TRUE,TRUE,TRUE,3127.5,19,30,63,1,0,0,6,610,89,0,0,0,28,1218,305,5
37406,2,28,292,TRUE,TRUE,FALSE,TRUE,TRUE,3117.64,14,45,77,1,10,1,0,162,78,0,0,0,22,1035,410,5
66712,1,20,10,FALSE,FALSE,FALSE,FALSE,FALSE,3086,8,4,7,1,0,2,0,0,0,8,768,40,18,775,47,5
57640,2,23,85,FALSE,FALSE,FALSE,FALSE,FALSE,3084.9,19,13,31,1,0,0,0,0,0,2,603,20,23,630,55,5
64607,1,20,22,FALSE,FALSE,FALSE,FALSE,TRUE,3082.23,6,7,23,0,0,1,0,0,0,1,638,22,7,769,96,5
8163,1,18,700,TRUE,TRUE,TRUE,TRUE,TRUE,3077.95,17,46,60,0,7,5,1,24,8,0,308,13,43,639,208,5
50608,1,19,136,FALSE,FALSE,FALSE,FALSE,TRUE,3035.44,15,19,56,1,1,5,7,509,76,0,0,0,27,941,255,5
49055,2,39,151,FALSE,FALSE,FALSE,TRUE,FALSE,2991.65,28,27,64,0,0,5,1,531,91,8,154,37,43,1111,293,5
60155,1,19,60,FALSE,FALSE,TRUE,TRUE,TRUE,2972.73,11,22,39,1,1,0,0,0,0,1,44,4,21,1117,496,5
61519,2,25,49,TRUE,TRUE,TRUE,TRUE,TRUE,2912.65,9,27,68,1,0,0,0,0,0,1,239,7,11,1044,271,5
60715,1,23,55,FALSE,FALSE,TRUE,TRUE,TRUE,2907.39,6,28,37,1,7,3,0,0,0,0,240,5,12,993,121,5
60790,2,22,55,TRUE,TRUE,TRUE,TRUE,TRUE,2878.51,3,30,18,0,1,0,0,0,0,0,482,14,4,891,128,5
62739,1,21,37,TRUE,TRUE,TRUE,TRUE,TRUE,2866.45,4,20,16,0,2,3,0,0,0,2,639,25,7,686,44,5
48354,2,29,157,TRUE,TRUE,FALSE,TRUE,TRUE,2855.43,10,47,58,1,9,3,2,225,42,11,203,4,50,830,217,5
53201,1,18,114,TRUE,TRUE,FALSE,TRUE,TRUE,2840.4,6,20,16,0,3,9,0,0,0,2,582,28,8,674,78,5
46468,2,34,175,FALSE,FALSE,TRUE,TRUE,TRUE,2831.85,12,32,43,1,2,2,0,98,12,10,488,15,22,657,86,5
64344,1,22,24,FALSE,FALSE,FALSE,FALSE,TRUE,2809.15,7,9,8,1,0,0,0,0,0,1,634,14,9,657,33,5
50229,2,23,140,TRUE,TRUE,TRUE,TRUE,TRUE,2786.46,16,51,27,0,2,1,0,382,25,1,197,7,22,794,86,5
60484,2,22,57,TRUE,TRUE,TRUE,TRUE,TRUE,2785.75,14,31,42,6,20,1,0,0,0,4,240,6,61,956,181,5
63364,2,26,32,TRUE,TRUE,TRUE,TRUE,TRUE,2780.61,2,42,27,0,243,3,0,0,0,2,315,13,6,863,72,5
46851,1,24,170,FALSE,FALSE,FALSE,FALSE,FALSE,2780.48,14,14,32,0,0,3,0,1190,181,0,0,0,17,1264,223,5
51409,2,46,130,TRUE,TRUE,TRUE,FALSE,TRUE,2775.88,6,26,29,0,1,0,0,162,15,0,69,2,6,1069,203,5
61260,2,27,51,TRUE,TRUE,TRUE,TRUE,TRUE,2766.35,6,26,62,12,472,6,0,0,0,7,272,5,26,898,82,5
48668,2,33,154,TRUE,TRUE,TRUE,FALSE,TRUE,2749.48,18,39,59,0,0,3,5,519,131,0,0,0,37,1065,353,5
62736,2,18,38,FALSE,FALSE,TRUE,TRUE,TRUE,2739.35,3,21,14,0,2,1,0,0,0,4,587,24,7,650,43,5
43168,1,18,224,FALSE,FALSE,FALSE,FALSE,TRUE,2728.65,16,13,40,0,3,17,0,0,0,5,624,37,22,643,87,5
37268,2,21,295,FALSE,FALSE,TRUE,TRUE,TRUE,2725.53,5,35,27,0,0,0,1,275,51,0,0,0,9,760,223,5
62716,2,21,38,TRUE,TRUE,TRUE,TRUE,TRUE,2723.25,6,33,34,2,2,3,0,0,0,5,467,7,12,809,115,5
45622,1,24,188,FALSE,FALSE,FALSE,FALSE,FALSE,2715.39,10,31,40,0,0,0,0,553,53,0,0,0,16,803,128,5
57524,2,40,86,TRUE,TRUE,FALSE,TRUE,TRUE,2713.55,9,82,36,0,0,0,0,0,0,3,222,7,16,683,109,5
64284,1,25,24,FALSE,FALSE,FALSE,FALSE,FALSE,2704,7,3,14,0,0,0,0,0,0,1,593,57,8,601,71,5
42265,1,23,237,FALSE,FALSE,TRUE,TRUE,TRUE,2690.57,7,31,46,1,2,1,0,19,12,0,411,6,8,715,162,5
51393,1,20,130,FALSE,FALSE,TRUE,TRUE,TRUE,2648.55,3,25,33,0,0,0,1,606,103,0,0,0,4,801,174,5
52726,2,25,117,FALSE,FALSE,FALSE,TRUE,FALSE,2640.05,23,19,56,0,0,0,0,24,4,2,366,7,30,975,224,5
55279,2,28,101,FALSE,FALSE,TRUE,TRUE,TRUE,2630.53,13,32,60,0,0,0,0,0,0,0,304,26,16,664,165,5
60702,2,28,56,FALSE,FALSE,FALSE,FALSE,FALSE,2627.6,9,10,23,1,691,7,0,0,0,0,0,3,15,917,93,5
54075,1,20,108,FALSE,FALSE,FALSE,FALSE,FALSE,2603.05,13,11,46,0,0,5,0,1178,138,0,0,0,14,1243,214,5
64498,1,19,23,FALSE,FALSE,FALSE,FALSE,TRUE,2584.25,4,7,1,0,0,1,0,0,0,0,607,36,4,616,37,5
61937,1,22,45,FALSE,FALSE,FALSE,FALSE,TRUE,2568.89,10,10,17,0,0,0,0,0,0,2,357,10,13,778,209,5
52998,2,21,116,TRUE,TRUE,FALSE,TRUE,TRUE,2530.2,16,33,47,1,0,0,0,0,0,3,284,3,28,871,197,5
64405,1,36,24,TRUE,TRUE,TRUE,TRUE,TRUE,2529.55,4,20,15,1,4,1,0,0,0,6,577,0,11,621,17,5
37420,2,27,292,FALSE,FALSE,FALSE,FALSE,FALSE,2520.57,15,34,58,0,5,6,4,34,25,8,54,1,88,662,280,3
64057,2,21,26,FALSE,FALSE,TRUE,TRUE,TRUE,2510.85,5,20,31,1,3,2,0,0,0,4,540,21,9,602,53,5
42590,1,20,231,FALSE,FALSE,FALSE,FALSE,TRUE,2480.88,15,26,62,0,2,1,0,80,56,0,0,0,28,797,372,5
45637,2,56,188,FALSE,FALSE,FALSE,FALSE,FALSE,2463.33,23,26,107,0,0,0,3,595,185,0,0,0,40,1142,505,5
63985,1,26,27,TRUE,TRUE,TRUE,TRUE,TRUE,2448.85,7,15,30,2,2,2,0,0,0,5,519,14,13,553,47,5
40628,1,18,250,FALSE,FALSE,FALSE,FALSE,FALSE,2388.55,14,17,42,0,1,6,0,299,53,0,0,0,27,768,325,5
51388,2,18,130,TRUE,TRUE,FALSE,TRUE,TRUE,2383.65,6,39,38,0,0,0,4,216,17,2,160,0,20,794,139,5
63459,1,22,31,TRUE,TRUE,TRUE,TRUE,TRUE,2382.65,2,20,27,0,0,2,0,0,0,0,475,14,2,563,66,5
39839,1,38,263,TRUE,TRUE,TRUE,TRUE,TRUE,2374.88,12,35,41,0,0,0,0,468,48,0,44,2,15,931,143,5
50331,2,22,139,FALSE,FALSE,FALSE,FALSE,TRUE,2363.25,24,17,38,1,0,0,8,869,123,0,0,0,44,1023,211,5
50349,1,18,139,TRUE,TRUE,TRUE,TRUE,TRUE,2363.21,14,38,49,1,3,4,1,439,108,0,0,0,18,778,238,5
62672,1,20,38,FALSE,FALSE,TRUE,TRUE,TRUE,2341.45,2,19,31,0,190,3,0,0,0,2,390,10,6,632,55,5
37740,1,18,288,TRUE,TRUE,TRUE,TRUE,TRUE,2340.25,5,25,29,0,1,1,0,0,0,0,0,0,11,523,154,5
65553,1,19,17,FALSE,FALSE,FALSE,FALSE,TRUE,2329.25,8,5,9,1,0,4,0,0,0,4,552,20,13,571,31,5
51181,1,21,131,FALSE,FALSE,TRUE,TRUE,TRUE,2326.65,16,17,28,1,0,1,0,536,114,0,0,0,18,994,205,5
59911,1,19,63,TRUE,TRUE,TRUE,TRUE,TRUE,2325.55,11,58,73,0,367,1,0,0,0,0,0,0,11,655,107,5
61375,2,21,50,TRUE,TRUE,TRUE,TRUE,TRUE,2323.75,5,26,32,0,3,2,0,0,0,1,338,8,10,688,82,5
64573,1,20,23,FALSE,FALSE,FALSE,FALSE,FALSE,2323,7,9,12,0,1,3,0,0,0,1,517,19,9,531,32,5
63805,1,26,28,TRUE,TRUE,TRUE,TRUE,TRUE,2295.99,1,26,30,0,2,1,0,0,0,1,331,7,4,674,111,5
64646,1,20,22,FALSE,FALSE,FALSE,FALSE,FALSE,2282.6,6,4,11,0,0,0,0,0,0,1,441,27,7,464,40,5
40099,1,30,260,TRUE,TRUE,TRUE,TRUE,TRUE,2227.8,8,66,49,2,25,1,0,134,20,0,0,0,17,646,141,5
54431,2,27,106,TRUE,TRUE,TRUE,TRUE,TRUE,2224.35,10,52,17,1,34,3,0,0,0,0,0,0,15,1014,230,5
50115,2,20,142,FALSE,FALSE,FALSE,FALSE,FALSE,2219.12,28,10,34,1,0,1,12,428,89,1,129,8,49,879,247,5
63114,1,24,34,FALSE,FALSE,TRUE,TRUE,TRUE,2210.05,5,23,22,1,0,0,0,0,0,4,443,14,9,529,66,5
46806,1,21,170,FALSE,FALSE,FALSE,FALSE,TRUE,2189.95,6,16,38,0,5,6,0,0,0,0,521,10,7,553,51,5
59412,1,21,69,FALSE,FALSE,FALSE,FALSE,TRUE,2179.25,9,6,22,0,0,3,0,0,0,11,501,26,20,516,48,5
57163,1,22,89,TRUE,TRUE,TRUE,TRUE,TRUE,2156.15,9,49,31,0,0,0,0,0,0,0,447,15,11,568,63,5
42379,2,20,234,FALSE,FALSE,FALSE,FALSE,FALSE,2137.54,12,18,33,0,3,0,8,769,166,0,0,0,30,870,225,5
65280,1,21,18,FALSE,FALSE,FALSE,FALSE,FALSE,2121.26,8,7,13,0,1,5,0,0,0,0,418,11,10,608,97,5
58098,1,29,83,TRUE,TRUE,TRUE,TRUE,TRUE,2120.45,7,79,45,1,0,0,0,0,0,1,371,11,10,527,76,5
52997,1,21,116,FALSE,FALSE,FALSE,FALSE,FALSE,2101.3,19,3,38,0,0,5,4,941,340,0,0,0,24,953,383,5
58183,2,18,82,TRUE,TRUE,FALSE,TRUE,TRUE,2100.55,11,73,43,0,1,2,0,0,0,6,338,13,24,618,83,5
62411,1,18,41,FALSE,FALSE,TRUE,TRUE,TRUE,2057.35,6,23,41,1,3,5,0,0,0,0,368,3,9,509,58,5
48224,2,31,157,TRUE,TRUE,TRUE,TRUE,TRUE,2055.89,11,73,46,0,1,1,1,51,12,1,168,3,18,720,150,5
44919,2,23,201,FALSE,FALSE,TRUE,TRUE,TRUE,2043.99,7,26,28,1,0,0,0,0,0,0,217,1,9,726,149,5
63184,2,22,34,TRUE,TRUE,TRUE,TRUE,TRUE,2036.95,1,28,13,0,0,0,0,0,0,2,394,5,3,483,36,5
37197,2,52,296,TRUE,TRUE,FALSE,TRUE,TRUE,2010.41,8,42,30,0,2,1,0,73,13,0,12,0,9,461,146,5
44883,1,20,201,FALSE,FALSE,TRUE,TRUE,TRUE,2003.3,3,15,30,0,0,1,0,0,0,7,443,5,10,468,38,5
55561,2,26,100,FALSE,FALSE,FALSE,FALSE,TRUE,1982.6,9,13,24,0,0,0,0,0,0,3,392,11,15,438,53,5
56720,1,25,93,TRUE,TRUE,TRUE,FALSE,TRUE,1964.45,2,28,41,0,3,5,0,0,0,3,446,9,6,497,52,5
52816,1,24,117,FALSE,FALSE,FALSE,FALSE,TRUE,1957.24,16,23,20,1,3,2,1,771,77,0,0,0,20,904,102,5
52788,1,20,117,TRUE,TRUE,TRUE,TRUE,TRUE,1932.75,7,26,26,0,0,0,0,354,43,1,132,1,14,720,153,5
49835,1,22,145,FALSE,FALSE,FALSE,FALSE,FALSE,1930.59,17,11,18,1,0,1,41,735,199,0,0,0,67,762,221,5
44885,1,19,201,FALSE,FALSE,FALSE,FALSE,FALSE,1907.35,21,13,29,1,0,3,15,718,143,0,0,0,43,842,257,5
54349,1,26,106,TRUE,TRUE,TRUE,TRUE,TRUE,1896.75,15,207,75,1,2,1,0,0,0,1,174,8,17,525,119,5
43504,2,32,217,FALSE,FALSE,FALSE,FALSE,FALSE,1881.5,23,23,57,0,2,2,6,381,75,0,0,0,39,715,242,5
52717,2,25,117,TRUE,TRUE,TRUE,FALSE,TRUE,1876.2,7,22,9,0,0,0,0,534,56,0,0,0,7,768,105,5
47729,2,27,161,TRUE,TRUE,TRUE,TRUE,TRUE,1853.99,19,43,65,1,81,1,0,134,31,0,48,3,24,662,186,5
51319,2,22,130,FALSE,FALSE,TRUE,TRUE,TRUE,1825.4,11,35,25,0,0,0,0,147,8,0,3,0,15,952,143,5
64202,1,24,25,TRUE,TRUE,TRUE,TRUE,TRUE,1824.45,3,13,27,0,0,0,0,0,0,0,397,4,4,422,31,5
30438,1,20,400,FALSE,FALSE,FALSE,FALSE,FALSE,1807.8,16,29,57,0,0,0,0,0,0,2,22,0,35,445,170,5
44246,2,28,212,TRUE,TRUE,TRUE,TRUE,TRUE,1793.96,3,44,41,0,3,3,2,507,29,1,11,1,7,629,87,5
65988,2,25,14,TRUE,TRUE,TRUE,TRUE,FALSE,1783.3,4,42,9,1,0,0,0,0,0,0,0,0,10,788,66,5
53233,1,22,114,FALSE,FALSE,FALSE,FALSE,TRUE,1751.69,14,17,38,2,1,4,0,66,21,0,82,7,16,518,145,5
63882,1,23,28,FALSE,FALSE,TRUE,TRUE,TRUE,1749.81,2,15,15,0,0,0,0,0,0,1,141,0,4,624,29,5
56785,1,18,92,FALSE,FALSE,FALSE,FALSE,TRUE,1724.25,8,9,20,0,0,0,0,0,0,0,375,12,8,391,32,5
37617,2,33,289,TRUE,TRUE,TRUE,TRUE,TRUE,1713.08,18,43,83,0,54,2,0,111,52,0,22,1,29,593,269,5
60268,1,20,59,TRUE,TRUE,TRUE,TRUE,TRUE,1704.7,5,32,22,0,3,2,0,0,0,0,144,3,8,606,67,5
58247,2,35,81,FALSE,FALSE,FALSE,FALSE,TRUE,1690.85,20,21,52,2,242,7,0,0,0,3,121,12,27,590,142,5
58516,2,21,78,TRUE,TRUE,TRUE,FALSE,TRUE,1680.89,7,27,25,1,301,1,0,0,0,0,0,0,9,439,102,5
59357,1,22,70,TRUE,TRUE,TRUE,TRUE,TRUE,1673.75,6,89,81,0,0,0,0,0,0,0,194,5,7,467,176,5
54004,2,35,109,FALSE,FALSE,FALSE,FALSE,FALSE,1668.7,16,17,59,0,0,0,0,0,0,0,0,0,17,715,163,5
40327,2,36,254,FALSE,FALSE,FALSE,FALSE,FALSE,1659.47,18,34,66,0,34,3,1,96,35,0,0,0,26,516,236,5
39904,1,20,263,TRUE,TRUE,TRUE,TRUE,TRUE,1623.15,6,21,15,1,0,0,0,0,0,1,261,6,11,425,45,5
64578,1,21,23,FALSE,FALSE,FALSE,FALSE,TRUE,1620.25,5,16,18,0,1,0,0,0,0,1,359,9,6,382,30,5
61485,1,27,49,FALSE,FALSE,FALSE,FALSE,TRUE,1579.25,7,4,19,0,0,0,0,0,0,0,339,18,7,347,37,5
55766,1,19,98,TRUE,TRUE,TRUE,TRUE,TRUE,1576.75,7,115,63,0,2,3,0,0,0,0,16,0,8,593,125,5
47346,1,20,165,FALSE,FALSE,FALSE,FALSE,TRUE,1574.15,27,11,73,0,0,0,5,517,98,0,0,0,34,545,188,5
53858,1,22,110,FALSE,FALSE,FALSE,FALSE,FALSE,1563.5,21,10,51,1,0,0,0,5,5,0,0,0,22,689,124,5
65312,1,32,18,FALSE,FALSE,FALSE,FALSE,TRUE,1557.15,6,9,10,1,0,0,0,0,0,3,368,10,9,412,29,5
48003,2,21,159,FALSE,FALSE,FALSE,FALSE,FALSE,1546.8,12,12,38,3,179,8,1,67,29,0,0,0,27,451,139,5
56597,1,31,93,FALSE,FALSE,TRUE,TRUE,TRUE,1522.99,6,34,22,0,0,1,0,0,0,0,172,1,6,507,76,5
58433,1,19,79,FALSE,FALSE,TRUE,TRUE,TRUE,1502.85,7,19,29,0,1,3,0,0,0,0,306,5,7,369,57,5
52540,2,42,119,FALSE,FALSE,TRUE,TRUE,TRUE,1488.19,19,35,67,2,2,3,0,3,3,0,70,2,26,662,291,5
58654,1,19,77,FALSE,FALSE,FALSE,FALSE,TRUE,1479.05,13,9,16,0,0,0,0,0,0,0,226,18,19,430,106,5
58130,2,23,82,TRUE,TRUE,FALSE,TRUE,TRUE,1466.65,7,20,34,0,0,0,0,0,0,0,307,4,8,389,57,5
52502,2,34,119,FALSE,FALSE,FALSE,FALSE,FALSE,1463.43,25,13,44,1,0,0,2,108,18,0,0,0,40,661,240,5
50126,1,24,142,FALSE,FALSE,FALSE,FALSE,TRUE,1456.56,18,13,36,1,0,2,2,486,68,0,0,0,27,561,123,5
62470,1,44,40,TRUE,TRUE,FALSE,TRUE,TRUE,1453.95,5,15,20,0,0,0,0,0,0,0,326,12,7,364,43,5
55720,2,23,99,TRUE,TRUE,TRUE,TRUE,TRUE,1453.25,13,32,33,0,0,0,0,0,0,11,162,7,44,487,103,5
46822,2,22,170,TRUE,TRUE,FALSE,TRUE,TRUE,1431.2,10,21,25,1,0,0,2,291,24,0,0,0,12,486,88,5
59279,1,19,71,TRUE,TRUE,TRUE,TRUE,FALSE,1430.54,5,20,12,1,3,1,0,0,0,1,253,4,7,383,35,5
61740,2,21,46,FALSE,FALSE,TRUE,TRUE,TRUE,1397.15,8,22,36,1,0,0,0,0,0,3,163,3,11,456,91,5
35824,1,18,315,TRUE,TRUE,TRUE,FALSE,TRUE,1382.85,8,22,21,0,13,1,0,0,0,0,238,14,8,343,50,5
53014,1,22,116,FALSE,FALSE,TRUE,TRUE,TRUE,1373.9,11,28,31,0,1,2,3,438,28,0,0,0,14,608,101,5
66622,2,22,11,TRUE,TRUE,TRUE,TRUE,FALSE,1373.8,2,17,11,0,1,0,0,0,0,0,331,2,3,381,14,5
50870,1,21,134,FALSE,FALSE,FALSE,FALSE,TRUE,1372.9,17,12,29,1,0,1,1,503,131,0,0,0,19,531,170,5
53923,2,21,109,TRUE,TRUE,TRUE,FALSE,TRUE,1358.15,5,21,19,0,0,0,0,131,30,0,0,0,6,481,109,5
53930,2,27,109,FALSE,FALSE,FALSE,FALSE,FALSE,1354.75,19,20,40,0,0,0,3,108,68,0,0,0,26,682,182,5
51926,1,22,124,FALSE,FALSE,FALSE,FALSE,TRUE,1336.25,25,5,25,0,0,0,6,77,22,10,216,14,44,316,69,5
59340,1,19,70,FALSE,FALSE,FALSE,FALSE,FALSE,1334,13,5,20,0,0,3,0,0,0,0,315,20,15,328,40,5
62663,1,34,38,FALSE,FALSE,FALSE,FALSE,FALSE,1322,10,10,14,1,0,0,0,0,0,0,279,19,11,325,40,5
45908,1,20,182,FALSE,FALSE,TRUE,TRUE,TRUE,1318.68,13,33,51,0,0,0,0,131,43,0,160,12,14,387,126,5
49329,2,21,149,FALSE,FALSE,FALSE,FALSE,TRUE,1289.59,14,22,37,0,0,1,2,181,51,2,160,5,20,408,104,5
45761,2,19,185,FALSE,FALSE,FALSE,FALSE,TRUE,1286.22,15,18,33,0,0,3,0,81,28,1,40,2,25,434,123,5
43345,1,20,219,TRUE,TRUE,TRUE,TRUE,TRUE,1277.95,3,39,34,0,18,0,5,64,21,0,0,0,16,433,166,5
61395,1,22,50,TRUE,TRUE,TRUE,TRUE,TRUE,1268.25,6,64,31,0,0,0,0,0,0,0,161,7,11,340,57,5
48071,1,21,159,FALSE,FALSE,FALSE,FALSE,TRUE,1257.13,21,14,34,0,0,5,11,330,78,0,0,0,38,508,178,5
63205,1,21,34,FALSE,FALSE,FALSE,FALSE,TRUE,1234.65,8,8,34,0,0,3,0,0,0,0,286,21,8,299,55,5
54715,2,26,104,FALSE,FALSE,FALSE,FALSE,FALSE,1230.9,11,17,42,1,2,9,0,0,0,0,262,9,14,334,57,5
49568,2,20,147,TRUE,TRUE,TRUE,FALSE,TRUE,1229.97,15,42,57,1,0,0,1,130,12,1,56,2,23,480,147,5
56779,1,30,92,FALSE,FALSE,TRUE,TRUE,TRUE,1207.27,14,70,80,1,0,1,0,0,0,0,73,3,15,516,186,5
47884,2,22,160,FALSE,FALSE,FALSE,FALSE,TRUE,1207.05,18,14,30,2,2,4,1,198,46,0,0,0,22,411,144,5
55094,2,19,102,TRUE,TRUE,FALSE,TRUE,TRUE,1205.33,6,27,46,0,0,0,0,0,0,0,257,11,8,341,80,5
55479,1,22,100,TRUE,TRUE,TRUE,FALSE,TRUE,1190.4,7,65,23,0,66,2,0,0,0,8,59,3,17,429,95,5
48375,1,18,156,FALSE,FALSE,FALSE,FALSE,FALSE,1186.44,14,22,28,0,0,3,0,435,20,0,0,0,18,539,74,5
58423,1,20,79,FALSE,FALSE,FALSE,FALSE,FALSE,1184.5,7,14,17,1,86,0,0,0,0,29,183,8,38,288,30,5
65997,1,21,14,FALSE,FALSE,FALSE,FALSE,FALSE,1183,6,7,10,2,2,1,0,0,0,0,282,16,6,293,26,5
55512,2,25,100,TRUE,TRUE,FALSE,TRUE,TRUE,1177.5,7,23,17,1,0,0,0,0,0,0,0,0,10,376,84,5
63594,1,20,30,TRUE,TRUE,FALSE,TRUE,TRUE,1175.95,6,34,34,0,10,3,0,0,0,0,244,15,7,300,54,5
64347,2,18,24,FALSE,FALSE,FALSE,FALSE,FALSE,1175.1,6,7,14,0,0,0,0,0,0,1,275,30,7,290,46,5
66245,1,21,13,FALSE,FALSE,FALSE,FALSE,FALSE,1154,6,5,16,0,0,0,0,0,0,0,273,12,7,287,28,5
53401,2,28,113,TRUE,TRUE,TRUE,TRUE,TRUE,1150.97,8,104,66,0,2,5,0,202,33,1,45,1,11,460,154,5
45716,1,18,186,FALSE,FALSE,FALSE,FALSE,TRUE,1147.25,5,6,19,0,0,1,0,0,0,0,272,9,5,283,28,5
50995,1,20,133,FALSE,FALSE,FALSE,FALSE,FALSE,1138.5,13,7,23,0,0,0,0,0,0,0,0,0,20,460,128,5
49487,1,20,148,FALSE,FALSE,TRUE,TRUE,TRUE,1133.1,5,21,25,0,0,1,0,167,12,0,105,5,6,371,61,5
60040,1,48,62,TRUE,TRUE,TRUE,TRUE,TRUE,1129.51,6,141,58,0,1,0,0,0,0,0,34,2,7,449,149,5
59120,1,26,72,FALSE,FALSE,FALSE,FALSE,FALSE,1123.5,10,7,10,0,0,0,0,0,0,1,220,26,12,235,38,5
53475,1,19,112,FALSE,FALSE,TRUE,TRUE,TRUE,1117.83,8,24,34,0,3,2,0,172,38,0,0,0,8,456,141,5
65372,1,21,18,FALSE,FALSE,FALSE,FALSE,TRUE,1098.83,9,5,14,0,0,5,0,0,0,0,0,0,10,476,204,5
37863,2,26,287,TRUE,TRUE,TRUE,FALSE,TRUE,1098.24,4,23,23,0,0,1,1,6,0,0,0,0,24,349,98,5
58494,1,21,79,FALSE,FALSE,FALSE,FALSE,FALSE,1094.3,10,15,11,0,0,0,0,0,0,0,0,0,11,468,87,5
50834,2,26,135,FALSE,FALSE,FALSE,FALSE,FALSE,1086.2,21,23,59,1,0,0,3,233,56,0,0,0,34,453,219,5
55221,2,30,101,FALSE,FALSE,TRUE,TRUE,TRUE,1082.95,7,22,47,1,32,0,0,0,0,2,93,2,20,479,113,5
57637,1,19,85,TRUE,TRUE,TRUE,TRUE,FALSE,1056.3,5,21,22,1,2,1,0,0,0,0,226,4,6,259,27,5
62906,1,24,36,TRUE,TRUE,FALSE,TRUE,TRUE,1052.25,3,19,20,0,0,0,0,0,0,0,214,8,4,271,37,5
66460,1,22,12,FALSE,FALSE,FALSE,FALSE,FALSE,1045,7,5,5,1,1,0,0,0,0,0,255,11,8,264,16,5
60650,1,22,56,FALSE,FALSE,TRUE,TRUE,TRUE,1025.41,10,24,54,0,2,10,0,0,0,0,31,0,14,312,144,4
45963,1,19,181,FALSE,FALSE,FALSE,TRUE,FALSE,1023.61,7,8,26,0,0,0,0,345,59,0,0,0,8,361,92,5
60025,1,18,62,FALSE,FALSE,TRUE,TRUE,TRUE,1023.15,12,21,21,2,27,7,0,0,0,2,187,9,16,253,34,5
40676,2,25,249,FALSE,FALSE,FALSE,FALSE,FALSE,1017.46,39,15,65,0,0,0,1,217,81,0,0,0,46,422,270,5
53386,1,28,113,FALSE,FALSE,FALSE,FALSE,TRUE,998.9,16,9,37,0,0,0,0,357,95,0,0,0,17,395,148,5
57963,1,23,84,TRUE,TRUE,TRUE,TRUE,TRUE,992.05,8,35,54,0,52,1,0,0,0,0,0,0,8,251,119,5
51816,1,21,125,TRUE,TRUE,FALSE,TRUE,TRUE,976.05,13,26,49,0,0,5,1,221,46,0,0,0,16,432,168,5
50904,1,25,134,FALSE,FALSE,FALSE,FALSE,TRUE,974.48,26,12,49,1,0,0,1,431,121,0,0,0,30,478,184,5
61666,1,22,47,FALSE,FALSE,FALSE,FALSE,FALSE,960.3,8,13,22,0,0,0,0,0,0,0,199,14,10,222,43,5
66139,1,20,13,FALSE,FALSE,FALSE,FALSE,FALSE,953.5,5,7,13,0,0,3,0,0,0,15,224,22,20,238,35,5
51431,1,24,129,FALSE,FALSE,FALSE,FALSE,FALSE,939.98,12,14,36,2,7,5,4,369,131,0,0,0,19,417,183,5
60390,1,22,58,TRUE,TRUE,TRUE,TRUE,TRUE,927.94,7,31,28,0,1,0,0,0,0,2,174,9,9,245,63,5
63961,1,22,27,FALSE,FALSE,FALSE,FALSE,FALSE,916.1,4,11,24,0,0,0,0,0,0,1,193,12,6,219,38,5
52100,2,34,122,FALSE,FALSE,FALSE,FALSE,TRUE,886.5,20,7,19,0,0,0,3,129,15,0,0,0,37,312,84,5
28686,2,47,444,TRUE,TRUE,TRUE,TRUE,TRUE,883.54,2,22,7,0,0,0,0,0,0,0,7,0,2,188,24,5
47309,1,29,165,FALSE,FALSE,TRUE,TRUE,TRUE,877.95,9,30,30,0,0,0,0,17,11,0,43,0,10,229,93,5
57108,2,23,89,TRUE,TRUE,TRUE,TRUE,TRUE,870.41,7,30,32,0,0,1,0,0,0,0,0,0,9,415,108,5
62012,1,20,44,FALSE,FALSE,TRUE,TRUE,TRUE,867.45,1,21,27,0,1,1,0,0,0,0,193,5,2,242,46,5
59031,1,25,73,FALSE,FALSE,TRUE,TRUE,TRUE,865.75,9,21,23,4,20,2,0,0,0,3,151,2,17,197,29,5
61946,2,18,45,FALSE,FALSE,FALSE,FALSE,TRUE,850.35,9,7,35,0,0,1,0,0,0,2,193,6,11,258,52,5
47891,1,21,160,TRUE,TRUE,TRUE,TRUE,TRUE,836.91,12,25,54,1,0,0,0,130,21,0,43,0,15,295,95,5
63325,2,22,32,FALSE,FALSE,FALSE,FALSE,FALSE,829.6,7,5,20,0,0,0,0,0,0,1,170,11,9,199,31,5
48803,1,29,154,TRUE,TRUE,TRUE,TRUE,FALSE,818.9,5,20,14,0,0,0,0,32,14,0,48,4,6,210,53,5
58497,1,31,79,FALSE,FALSE,TRUE,TRUE,TRUE,812.65,2,35,23,0,0,0,0,0,0,0,87,1,2,278,73,5
52448,2,23,119,FALSE,FALSE,FALSE,FALSE,TRUE,810.51,9,27,60,0,0,0,0,6,9,2,106,3,12,273,97,5
50190,2,23,141,FALSE,FALSE,TRUE,TRUE,TRUE,797.17,10,19,32,0,0,0,2,28,3,0,0,0,25,285,95,5
42257,1,20,237,TRUE,TRUE,TRUE,TRUE,TRUE,795.69,17,29,64,2,2,6,0,76,30,0,0,0,20,309,163,5
4055,1,19,758,FALSE,FALSE,FALSE,FALSE,TRUE,787.25,9,10,24,1,1,0,0,0,0,2,160,4,12,186,35,5
49430,1,50,149,TRUE,TRUE,FALSE,TRUE,TRUE,775.6,13,18,31,1,0,0,0,32,9,0,0,0,16,356,106,5
65078,1,21,19,TRUE,TRUE,TRUE,TRUE,FALSE,771.84,1,21,14,1,2,0,0,0,0,1,3,0,4,341,59,5
59236,1,38,71,FALSE,FALSE,FALSE,FALSE,TRUE,768.85,16,6,17,1,0,0,0,0,0,1,142,27,17,172,61,5
62853,1,35,37,TRUE,TRUE,FALSE,TRUE,TRUE,764.15,2,150,49,0,1,2,0,0,0,0,0,0,2,217,70,5
53898,2,24,109,FALSE,FALSE,TRUE,TRUE,TRUE,762.25,12,28,20,1,0,0,0,5,1,2,102,2,23,254,46,5
49989,2,25,143,FALSE,FALSE,FALSE,FALSE,FALSE,758.54,18,17,55,0,0,2,1,104,38,0,0,0,26,278,140,5
63608,1,22,30,TRUE,TRUE,FALSE,TRUE,TRUE,749.05,4,16,12,0,0,0,0,0,0,0,123,19,5,197,42,5
40055,1,18,261,TRUE,TRUE,FALSE,TRUE,TRUE,746.62,6,39,39,0,0,0,0,39,8,2,80,8,11,213,74,5
64496,1,18,23,FALSE,FALSE,FALSE,FALSE,FALSE,738,7,4,14,1,0,0,0,0,0,1,178,12,9,188,26,5
57047,1,23,90,TRUE,TRUE,FALSE,TRUE,TRUE,717.65,7,24,22,1,0,0,0,0,0,0,0,0,7,272,71,5
61673,2,24,47,TRUE,TRUE,TRUE,TRUE,TRUE,715.85,7,62,47,0,79,0,0,0,0,0,48,0,10,254,84,5
52322,1,20,120,FALSE,FALSE,FALSE,FALSE,TRUE,714.21,16,9,35,0,0,0,0,295,81,0,0,0,19,331,121,5
37421,1,31,292,TRUE,TRUE,TRUE,TRUE,TRUE,712.61,13,29,53,0,0,0,0,14,1,0,1,0,14,197,104,5
65986,1,24,14,TRUE,TRUE,TRUE,TRUE,TRUE,711.75,1,13,9,0,0,0,0,0,0,0,156,4,2,178,14,5
63008,1,21,35,TRUE,TRUE,TRUE,TRUE,TRUE,702.45,0,18,12,0,0,0,0,0,0,0,19,0,0,218,50,5
53128,1,20,115,FALSE,FALSE,FALSE,FALSE,FALSE,686.92,20,10,17,1,0,0,19,295,33,0,0,0,43,322,55,5
61026,2,47,53,FALSE,FALSE,FALSE,TRUE,FALSE,685.1,10,19,40,0,0,0,0,0,0,5,19,8,17,322,130,5
44526,2,41,208,FALSE,FALSE,FALSE,FALSE,FALSE,673.76,16,16,53,4,67,0,0,10,5,0,0,0,25,199,101,5
53129,1,21,115,TRUE,TRUE,FALSE,TRUE,TRUE,666.8,9,29,41,0,3,6,0,18,11,0,0,0,10,252,132,5
61317,2,25,50,FALSE,FALSE,FALSE,FALSE,TRUE,645.05,14,13,32,3,1,4,0,0,0,0,0,0,17,366,85,5
44392,2,21,211,FALSE,FALSE,FALSE,FALSE,TRUE,630.25,13,9,23,1,220,5,0,0,0,0,0,0,15,232,33,5
62275,2,21,42,TRUE,TRUE,TRUE,FALSE,TRUE,615.25,4,11,14,0,0,0,0,0,0,0,0,0,4,279,72,5
64323,1,23,24,TRUE,TRUE,TRUE,TRUE,FALSE,610.8,1,16,21,0,0,2,0,0,0,2,123,1,3,146,25,5
54566,2,25,105,FALSE,FALSE,FALSE,FALSE,FALSE,603.45,24,11,47,1,0,0,0,0,0,0,0,0,29,308,163,5
58593,2,55,78,FALSE,FALSE,FALSE,FALSE,FALSE,600.2,10,46,82,1,0,0,0,0,0,0,0,0,12,333,171,5
49951,1,31,144,FALSE,FALSE,FALSE,FALSE,FALSE,595,31,9,48,1,0,0,2,192,80,0,0,0,37,220,134,5
62711,2,24,38,TRUE,TRUE,TRUE,TRUE,TRUE,593.55,2,22,11,0,0,0,0,0,0,5,96,0,12,222,30,5
66748,1,20,10,FALSE,FALSE,FALSE,FALSE,TRUE,582.75,5,6,7,0,0,0,0,0,0,1,139,2,6,149,9,5
63032,1,20,35,FALSE,FALSE,FALSE,FALSE,TRUE,581.25,5,4,2,0,0,1,0,0,0,2,129,2,7,135,4,5
46618,2,27,173,FALSE,FALSE,FALSE,FALSE,FALSE,580.75,21,13,34,1,4,4,5,38,27,0,0,0,33,216,106,5
50992,1,22,133,TRUE,TRUE,TRUE,TRUE,TRUE,570.1,13,9,4,5,4,0,0,0,0,0,0,0,28,115,18,5
64388,1,18,24,FALSE,FALSE,FALSE,FALSE,FALSE,569,7,8,22,0,2,2,0,0,0,1,117,7,8,130,29,5
59893,2,30,63,TRUE,TRUE,TRUE,TRUE,TRUE,567.35,11,33,33,1,8,3,0,0,0,0,74,2,14,232,48,5
43926,2,20,213,FALSE,FALSE,FALSE,FALSE,TRUE,555.26,20,19,50,0,3,5,0,70,27,0,0,0,22,159,130,5
61436,1,18,49,TRUE,TRUE,TRUE,TRUE,TRUE,554.15,4,22,17,1,22,2,0,0,0,0,69,3,6,151,28,5
54508,1,20,105,TRUE,TRUE,TRUE,TRUE,TRUE,552.55,4,132,36,0,1,1,0,0,0,0,0,0,5,179,53,5
49870,2,24,145,FALSE,FALSE,FALSE,FALSE,TRUE,536.1,25,15,56,0,0,0,0,62,20,0,0,0,29,263,184,5
52619,1,20,118,TRUE,TRUE,TRUE,TRUE,TRUE,535.3,12,32,17,1,3,2,1,23,5,0,0,0,17,231,44,5
62516,1,22,40,TRUE,TRUE,TRUE,FALSE,TRUE,528.97,1,17,5,0,0,0,0,0,0,0,72,0,2,155,20,5
59289,2,35,70,FALSE,FALSE,TRUE,TRUE,TRUE,527.25,6,24,17,0,7,1,0,0,0,0,0,0,7,281,69,5
44776,1,22,203,FALSE,FALSE,FALSE,FALSE,TRUE,522.3,11,14,19,0,3,0,0,0,0,0,0,0,15,171,64,5
63886,2,27,27,TRUE,TRUE,TRUE,TRUE,TRUE,517.25,2,20,19,0,19,1,0,0,0,0,0,0,2,278,39,5
53929,1,25,109,FALSE,FALSE,FALSE,FALSE,FALSE,515.9,15,8,14,1,0,0,0,226,47,0,0,0,21,244,67,5
55421,1,21,100,FALSE,FALSE,FALSE,FALSE,TRUE,513.45,18,23,39,0,3,7,0,0,0,0,12,0,20,264,85,5
34488,1,21,350,FALSE,FALSE,FALSE,FALSE,TRUE,508.28,6,11,14,2,0,1,0,24,31,0,0,0,7,102,86,1
54734,2,20,104,FALSE,FALSE,FALSE,FALSE,FALSE,507.1,15,12,33,1,0,0,0,0,0,0,0,0,19,268,113,5
62142,1,21,43,FALSE,FALSE,FALSE,FALSE,FALSE,506.9,9,7,4,1,0,0,0,0,0,0,0,0,12,222,65,5
59795,1,24,64,FALSE,FALSE,FALSE,FALSE,TRUE,496.55,14,13,18,0,139,7,0,0,0,0,0,0,14,161,19,5
59824,2,22,64,TRUE,TRUE,TRUE,TRUE,TRUE,492.55,4,33,32,0,2,2,0,0,0,0,47,0,4,194,59,5
47939,1,24,160,FALSE,FALSE,FALSE,FALSE,TRUE,482.55,20,13,22,1,22,1,0,0,0,0,0,0,24,168,68,5
63165,1,25,34,FALSE,FALSE,FALSE,FALSE,FALSE,481.56,3,18,14,0,0,0,0,0,0,0,52,2,4,170,58,5
66382,1,20,12,FALSE,FALSE,FALSE,FALSE,TRUE,465.25,7,4,3,0,0,0,0,0,0,0,111,1,7,121,5,5
62828,1,19,37,FALSE,FALSE,TRUE,TRUE,TRUE,459.05,2,129,68,1,0,0,0,0,0,0,0,0,3,135,69,5
49286,2,21,149,FALSE,FALSE,FALSE,TRUE,FALSE,455.65,21,23,69,2,2,7,0,0,0,0,0,0,23,241,129,5
53315,1,22,113,FALSE,FALSE,FALSE,FALSE,TRUE,452.46,9,7,20,0,0,4,1,180,112,0,0,0,11,198,152,5
55644,1,22,99,FALSE,FALSE,FALSE,FALSE,TRUE,444.75,11,9,13,0,0,2,0,0,0,1,86,0,12,110,20,5
61526,2,21,49,FALSE,FALSE,TRUE,TRUE,TRUE,440.25,3,22,23,0,16,4,0,0,0,0,0,0,5,181,44,5
55932,1,19,98,TRUE,TRUE,FALSE,TRUE,TRUE,437.52,4,23,21,0,1,0,0,0,0,0,65,1,6,130,40,5
29590,2,19,422,TRUE,TRUE,TRUE,TRUE,TRUE,437.25,12,26,39,0,0,0,0,30,5,0,0,0,15,163,88,5
58344,1,21,80,TRUE,TRUE,TRUE,FALSE,TRUE,434.05,3,27,11,0,58,0,0,0,0,0,0,0,4,194,31,5
60080,1,19,61,TRUE,TRUE,TRUE,TRUE,TRUE,422.35,6,11,17,1,0,0,0,0,0,0,0,0,8,216,57,5
62296,1,21,42,FALSE,FALSE,FALSE,FALSE,FALSE,420.5,7,6,9,0,0,2,0,0,0,0,96,4,7,107,16,5
57291,2,46,88,TRUE,TRUE,TRUE,TRUE,TRUE,415.45,6,30,24,0,1,1,0,0,0,0,10,0,8,202,74,5
63345,1,28,32,TRUE,TRUE,FALSE,TRUE,TRUE,413.35,3,16,32,0,0,1,0,0,0,1,83,0,5,110,35,5
54054,1,18,108,FALSE,FALSE,TRUE,TRUE,TRUE,412.89,9,44,42,1,2,5,0,0,0,0,0,0,9,164,68,5
49974,1,21,143,TRUE,TRUE,TRUE,FALSE,TRUE,387.14,6,31,8,0,0,2,0,68,20,0,0,0,6,191,55,5
56139,2,25,96,TRUE,TRUE,TRUE,TRUE,TRUE,380.8,9,26,35,1,0,0,0,0,0,0,15,0,11,172,52,5
59039,1,22,73,TRUE,TRUE,TRUE,TRUE,TRUE,376.65,2,9,4,0,0,0,0,0,0,0,65,0,2,90,6,5
39378,1,24,274,FALSE,FALSE,FALSE,FALSE,TRUE,367.62,22,8,36,4,14,0,0,58,12,0,0,0,29,118,63,5
54203,1,21,107,TRUE,TRUE,TRUE,TRUE,FALSE,363.9,6,19,6,1,0,0,0,0,0,0,0,0,6,135,28,5
59088,2,20,73,TRUE,TRUE,TRUE,TRUE,TRUE,360.45,4,22,25,0,0,0,0,0,0,0,41,2,5,132,40,5
49364,1,18,149,FALSE,FALSE,FALSE,FALSE,TRUE,357.15,11,4,14,1,0,0,0,40,7,0,0,0,11,117,54,5
48351,1,25,157,TRUE,TRUE,FALSE,TRUE,TRUE,354.85,5,10,20,1,0,0,0,54,17,0,0,0,6,116,53,5
37119,1,19,297,TRUE,TRUE,TRUE,TRUE,TRUE,345.3,3,21,19,0,0,2,0,0,0,0,0,0,5,103,28,5
52415,1,25,120,TRUE,TRUE,FALSE,TRUE,TRUE,338.85,6,14,15,0,0,0,0,3,3,0,0,0,8,110,26,5
61662,1,18,47,TRUE,TRUE,TRUE,TRUE,TRUE,338.65,3,16,7,1,1,2,0,0,0,0,0,0,3,101,16,5
53683,1,18,111,FALSE,FALSE,FALSE,FALSE,FALSE,326.3,14,14,23,1,0,1,0,131,36,0,0,0,17,165,65,5
61926,1,18,45,TRUE,TRUE,TRUE,TRUE,TRUE,324.95,4,10,23,0,0,0,0,0,0,2,1,0,11,140,57,5
55159,1,20,102,FALSE,FALSE,TRUE,TRUE,TRUE,323.7,5,20,14,0,0,0,0,0,0,1,21,0,10,115,25,5
61555,1,24,48,FALSE,FALSE,TRUE,TRUE,TRUE,308.95,4,14,24,1,0,0,0,0,0,0,0,0,9,105,46,5
66450,1,27,12,TRUE,TRUE,TRUE,TRUE,TRUE,301.75,1,11,16,0,0,1,0,0,0,0,66,2,2,86,18,5
55541,1,21,100,FALSE,FALSE,FALSE,TRUE,FALSE,300.5,4,7,10,1,0,0,0,0,0,1,59,1,6,71,11,5
59356,1,19,70,FALSE,FALSE,TRUE,TRUE,TRUE,299.15,4,17,24,0,10,4,0,0,0,0,43,0,4,75,29,5
49351,1,18,149,FALSE,FALSE,FALSE,FALSE,FALSE,294.79,13,6,16,1,0,0,5,97,59,0,0,0,19,113,82,4
57523,1,22,86,FALSE,FALSE,FALSE,FALSE,FALSE,288.3,10,23,23,0,37,5,0,0,0,0,0,0,11,153,41,5
57414,1,24,87,FALSE,FALSE,TRUE,TRUE,TRUE,284.95,2,21,17,0,0,0,0,0,0,0,0,0,3,164,34,5
48402,1,21,156,FALSE,FALSE,FALSE,FALSE,TRUE,277.05,21,3,22,0,0,6,0,0,0,0,0,0,21,68,83,1
56480,1,27,94,TRUE,TRUE,TRUE,TRUE,TRUE,261.45,8,17,25,1,0,3,0,0,0,1,51,3,11,95,39,5
48322,2,37,157,FALSE,FALSE,FALSE,FALSE,FALSE,257.55,16,9,52,1,0,3,4,84,23,0,0,0,25,106,80,2
60472,2,26,57,FALSE,FALSE,TRUE,TRUE,TRUE,256.75,5,17,25,0,17,3,0,0,0,0,0,0,5,137,34,5
66229,1,21,13,FALSE,FALSE,FALSE,FALSE,FALSE,253.5,6,5,3,1,0,0,0,0,0,1,53,4,10,62,7,5
59607,1,20,67,FALSE,FALSE,FALSE,FALSE,FALSE,252.4,11,11,14,1,0,0,0,0,0,1,46,8,13,64,24,5
44490,1,18,209,FALSE,FALSE,FALSE,FALSE,FALSE,242.7,9,11,22,0,0,0,0,0,0,0,0,0,12,65,48,5
61090,1,24,52,TRUE,TRUE,FALSE,TRUE,TRUE,235.95,6,15,21,1,0,0,0,0,0,0,0,0,10,66,41,4
49941,1,29,144,TRUE,TRUE,TRUE,FALSE,TRUE,233.4,8,18,20,0,1,2,0,44,5,0,0,0,9,111,40,5
63897,1,20,27,FALSE,FALSE,FALSE,FALSE,FALSE,233,7,4,8,0,0,5,0,0,0,0,49,3,7,56,11,5
60500,1,18,57,FALSE,FALSE,TRUE,TRUE,TRUE,226.25,5,15,8,2,51,2,0,0,0,0,0,0,6,72,14,5
60159,1,21,60,FALSE,FALSE,TRUE,TRUE,TRUE,225.75,4,13,16,0,0,0,0,0,0,0,45,3,4,66,22,5
60674,2,32,56,TRUE,TRUE,FALSE,TRUE,TRUE,223.75,4,21,37,0,5,1,0,0,0,0,0,0,4,135,37,5
56850,1,20,92,FALSE,FALSE,FALSE,FALSE,FALSE,223.2,16,14,42,1,0,0,0,0,0,0,0,0,17,121,84,4
57483,1,26,87,FALSE,FALSE,FALSE,FALSE,FALSE,221.2,9,16,18,0,0,2,0,0,0,0,0,0,11,125,34,5
59717,2,42,66,FALSE,FALSE,TRUE,TRUE,TRUE,219.35,2,15,13,0,0,0,0,0,0,0,0,0,2,105,18,5
66289,1,18,12,FALSE,FALSE,FALSE,FALSE,FALSE,218,4,4,3,0,0,0,0,0,0,4,47,2,8,52,5,5
45455,2,34,192,FALSE,FALSE,FALSE,FALSE,FALSE,209.1,11,9,23,0,0,0,0,82,30,0,0,0,12,94,58,5
56858,2,19,92,FALSE,FALSE,TRUE,TRUE,TRUE,203.15,3,20,7,0,0,0,0,0,0,0,0,0,3,114,14,5
59353,1,20,70,FALSE,FALSE,FALSE,FALSE,TRUE,200.65,10,10,26,0,0,5,0,0,0,0,36,1,10,58,32,5
53326,2,23,113,FALSE,FALSE,FALSE,FALSE,FALSE,199.85,13,6,17,0,0,0,0,37,10,0,0,0,18,99,52,3
62484,1,18,40,FALSE,FALSE,TRUE,TRUE,TRUE,199.45,9,12,33,0,0,0,0,0,0,0,0,0,10,81,45,5
66713,1,24,10,FALSE,FALSE,FALSE,FALSE,TRUE,199.25,7,5,24,0,0,5,0,0,0,1,45,2,8,60,26,5
60952,2,26,53,FALSE,FALSE,FALSE,FALSE,FALSE,199.1,14,7,22,0,0,0,0,0,0,0,0,0,15,130,49,5
61964,2,18,45,TRUE,TRUE,TRUE,TRUE,TRUE,195.75,0,15,7,0,0,0,0,0,0,0,0,0,3,76,22,5
60067,2,31,61,FALSE,FALSE,FALSE,FALSE,FALSE,184.6,17,4,11,0,0,0,0,0,0,0,0,0,23,116,42,5
65998,1,44,14,TRUE,TRUE,TRUE,TRUE,TRUE,181.75,2,32,20,0,0,0,0,0,0,0,20,0,4,80,27,5
60516,2,37,57,FALSE,FALSE,TRUE,TRUE,TRUE,181.45,5,15,23,3,14,2,0,0,0,0,0,0,7,99,37,5
52603,2,30,118,FALSE,FALSE,FALSE,FALSE,FALSE,170.4,15,6,25,1,0,0,0,0,0,0,0,0,19,84,55,3
62291,1,18,42,TRUE,TRUE,FALSE,TRUE,TRUE,169.35,1,9,4,0,0,0,0,0,0,0,0,0,2,52,18,5
53220,1,27,114,FALSE,FALSE,FALSE,FALSE,FALSE,160.5,13,12,31,1,0,0,1,14,2,0,0,0,21,64,37,1
63461,1,28,31,FALSE,FALSE,TRUE,TRUE,TRUE,159.05,4,10,7,0,0,0,0,0,0,0,0,0,4,57,19,5
53802,1,21,110,FALSE,FALSE,FALSE,FALSE,FALSE,158.5,5,6,14,0,2,10,0,0,0,0,0,0,6,46,28,5
60745,1,24,55,FALSE,FALSE,FALSE,FALSE,FALSE,157.8,11,17,32,3,32,6,0,0,0,0,0,0,14,61,37,1
62638,1,22,39,TRUE,TRUE,TRUE,TRUE,TRUE,150.15,6,22,12,2,2,1,0,0,0,0,16,0,7,60,21,5
50193,2,25,141,FALSE,FALSE,FALSE,FALSE,FALSE,148.85,7,10,27,0,0,2,0,0,0,0,0,0,11,49,57,1
56016,2,20,97,TRUE,TRUE,TRUE,TRUE,TRUE,148.15,6,16,20,1,0,1,0,0,0,0,0,0,9,65,36,5
52993,1,45,116,TRUE,TRUE,TRUE,TRUE,TRUE,147.75,4,24,30,1,0,0,0,4,0,0,0,0,4,88,37,5
66566,2,29,11,FALSE,FALSE,FALSE,FALSE,FALSE,146.1,6,6,11,0,0,0,0,0,0,0,32,5,7,63,16,5
60202,2,18,60,FALSE,FALSE,FALSE,FALSE,FALSE,145.4,18,6,12,0,0,0,0,0,0,0,0,0,32,95,32,2
46448,1,21,175,FALSE,FALSE,FALSE,FALSE,FALSE,142.1,11,5,28,0,0,2,1,38,14,0,0,0,14,60,65,0
60132,2,30,61,FALSE,FALSE,FALSE,FALSE,FALSE,140.3,18,6,21,1,0,0,0,0,0,0,0,0,22,99,47,5
58773,2,48,76,FALSE,FALSE,TRUE,TRUE,TRUE,138.35,1,24,11,1,4,1,0,0,0,0,0,0,1,72,18,5
59818,1,22,64,FALSE,FALSE,TRUE,TRUE,TRUE,138.05,5,15,16,0,41,3,0,0,0,0,0,0,6,59,16,5
63014,1,20,35,TRUE,TRUE,FALSE,TRUE,TRUE,137.95,3,17,24,1,27,0,0,0,0,0,0,0,4,52,24,5
50264,1,19,140,TRUE,TRUE,TRUE,TRUE,FALSE,135.6,4,25,24,0,38,6,0,0,1,0,0,0,7,79,31,5
57371,2,47,87,FALSE,FALSE,TRUE,TRUE,TRUE,131.75,6,14,11,0,0,0,0,0,0,0,0,0,6,75,14,5
62263,1,22,42,FALSE,FALSE,TRUE,TRUE,TRUE,130.05,3,10,16,0,1,3,0,0,0,0,0,0,3,52,37,5
61820,2,21,46,FALSE,FALSE,FALSE,FALSE,TRUE,128.15,6,7,10,1,0,1,0,0,0,0,0,0,7,62,20,5
51969,1,18,124,TRUE,TRUE,TRUE,TRUE,TRUE,123.45,2,23,8,0,0,0,0,22,1,0,6,1,2,64,13,5
49280,1,19,150,TRUE,TRUE,TRUE,FALSE,TRUE,122.3,8,22,11,2,16,2,1,2,0,0,0,0,10,56,16,5
60016,2,23,62,FALSE,FALSE,FALSE,FALSE,FALSE,120.8,12,8,11,1,0,0,0,0,0,0,0,0,17,70,27,0
31130,1,27,385,TRUE,TRUE,TRUE,TRUE,TRUE,119.93,2,14,12,1,1,0,0,0,0,0,0,0,5,28,24,4
65386,2,50,17,TRUE,TRUE,TRUE,TRUE,TRUE,105.45,0,21,24,0,0,0,0,0,0,0,13,0,1,65,27,5
62182,1,19,43,FALSE,FALSE,FALSE,FALSE,TRUE,103.15,8,5,1,1,0,0,0,0,0,0,0,0,9,44,23,3
61331,1,20,50,FALSE,FALSE,TRUE,TRUE,TRUE,95.85,8,13,27,0,1,3,0,0,0,0,0,0,8,35,33,5
57216,1,21,89,TRUE,TRUE,FALSE,TRUE,TRUE,95.15,1,14,9,0,0,0,0,0,0,0,0,0,1,36,11,5
59974,1,34,62,FALSE,FALSE,TRUE,TRUE,TRUE,94.35,5,17,26,0,17,0,0,0,0,0,0,0,5,40,27,5
63729,1,21,29,FALSE,FALSE,FALSE,FALSE,FALSE,93,8,8,33,0,2,11,0,0,0,0,14,1,8,32,42,5
62669,1,18,38,TRUE,TRUE,TRUE,TRUE,TRUE,91.15,3,20,2,0,0,0,0,0,0,0,4,1,3,43,5,5
66704,2,26,10,TRUE,TRUE,TRUE,TRUE,TRUE,89.95,1,15,10,0,0,0,0,0,0,0,11,0,2,46,10,5
25868,1,18,497,FALSE,FALSE,TRUE,TRUE,TRUE,89.25,5,11,19,0,0,0,0,0,0,0,0,0,6,29,34,4
54167,1,19,107,TRUE,TRUE,FALSE,TRUE,TRUE,88.65,11,24,51,0,1,1,1,6,2,0,0,0,14,54,57,2
60813,1,29,55,TRUE,TRUE,TRUE,TRUE,TRUE,87.84,6,18,15,0,0,0,0,0,0,0,0,0,7,36,28,4
54156,1,21,107,TRUE,TRUE,TRUE,TRUE,TRUE,85.15,3,22,14,0,12,1,0,0,0,0,0,0,5,41,14,5
62726,2,26,38,FALSE,FALSE,FALSE,FALSE,TRUE,84.85,5,11,10,0,0,0,0,0,0,0,12,0,5,50,10,5
65247,1,23,18,TRUE,TRUE,TRUE,TRUE,TRUE,83.85,0,18,32,0,0,5,0,0,0,0,0,0,1,42,40,5
62795,1,19,37,TRUE,TRUE,FALSE,TRUE,TRUE,80.85,3,11,10,0,0,0,0,0,0,0,0,0,3,34,15,5
67760,1,19,5,FALSE,FALSE,FALSE,FALSE,TRUE,80.25,6,8,17,1,0,0,0,0,0,0,0,0,6,35,21,4
61063,1,20,52,TRUE,TRUE,FALSE,TRUE,TRUE,79.85,1,13,20,0,9,2,0,0,0,0,0,0,1,25,20,5
57129,1,23,89,TRUE,TRUE,FALSE,TRUE,TRUE,79.85,8,21,22,1,0,0,0,0,0,0,0,0,9,50,24,4
61238,1,21,51,TRUE,TRUE,FALSE,TRUE,TRUE,71.35,5,7,28,0,0,0,0,0,0,0,0,0,5,31,47,4
62652,1,29,38,TRUE,TRUE,TRUE,TRUE,TRUE,70.85,3,14,18,1,3,2,0,0,0,0,0,0,3,34,25,5
51080,1,21,132,TRUE,TRUE,TRUE,TRUE,TRUE,70.6,4,17,22,0,0,0,0,4,0,0,0,0,7,35,29,5
59930,1,51,63,FALSE,FALSE,FALSE,FALSE,TRUE,69.75,8,5,10,0,0,0,0,0,0,0,13,0,9,22,10,4
61987,2,29,44,FALSE,FALSE,TRUE,TRUE,TRUE,69.45,5,12,17,1,1,4,0,0,0,0,0,0,7,38,21,4
56655,2,24,93,FALSE,FALSE,TRUE,TRUE,TRUE,66.95,8,23,35,0,0,0,0,0,0,0,0,0,8,68,54,5
24911,1,20,519,TRUE,TRUE,TRUE,TRUE,TRUE,66.25,3,16,11,1,3,1,0,0,0,0,0,0,3,23,11,4
62192,1,45,43,TRUE,TRUE,TRUE,TRUE,TRUE,65.25,0,17,12,0,5,0,0,0,0,0,0,0,0,25,17,5
56922,2,27,91,FALSE,FALSE,FALSE,FALSE,FALSE,65.1,9,9,30,0,0,0,0,0,0,0,0,0,12,41,37,0
59862,2,22,63,TRUE,TRUE,FALSE,TRUE,TRUE,64.95,4,15,19,0,4,2,0,0,0,0,0,0,5,21,22,4
60325,1,21,59,FALSE,FALSE,FALSE,FALSE,FALSE,64,7,12,20,0,0,2,0,0,0,0,3,0,8,33,26,3
56874,1,33,91,TRUE,TRUE,TRUE,TRUE,TRUE,62.85,2,16,7,0,0,0,0,0,0,0,2,0,2,31,7,5
57104,2,22,89,FALSE,FALSE,TRUE,TRUE,TRUE,60.65,6,17,33,0,2,1,0,0,0,0,0,0,6,39,36,3
59909,2,21,63,FALSE,FALSE,TRUE,TRUE,TRUE,59.75,4,17,20,1,1,1,0,0,0,0,0,0,4,50,20,5
60588,1,21,56,FALSE,FALSE,FALSE,FALSE,TRUE,53.05,7,9,10,0,3,3,0,0,0,0,0,0,7,16,11,2
61607,1,22,48,FALSE,FALSE,TRUE,TRUE,TRUE,52.55,1,15,16,2,3,2,0,0,0,0,0,0,2,22,17,4
61444,1,21,49,FALSE,FALSE,TRUE,TRUE,TRUE,51.75,4,13,38,1,2,6,0,0,0,0,0,0,4,24,44,3
63040,2,52,35,TRUE,TRUE,TRUE,TRUE,TRUE,51.45,2,16,4,0,0,0,0,0,0,0,0,0,2,30,4,5
61196,1,22,51,FALSE,FALSE,TRUE,TRUE,TRUE,50.35,5,13,10,2,3,3,0,0,0,0,0,0,6,22,11,3
59468,1,19,68,TRUE,TRUE,FALSE,TRUE,TRUE,48.55,5,13,23,0,2,5,0,0,0,0,0,0,5,21,25,1
60305,1,50,59,TRUE,TRUE,FALSE,TRUE,TRUE,48.45,5,15,18,0,0,0,0,0,0,0,0,0,5,24,19,3
41415,2,19,244,TRUE,TRUE,TRUE,TRUE,TRUE,47.85,2,18,16,1,0,0,0,0,0,0,0,0,2,33,19,3
61693,1,50,47,FALSE,FALSE,FALSE,FALSE,FALSE,47.1,7,6,11,1,0,2,0,0,0,0,0,0,10,35,15,0
61594,1,23,48,TRUE,TRUE,TRUE,TRUE,FALSE,45.8,0,10,10,0,0,0,0,0,0,0,0,0,0,17,11,3
67528,1,26,6,TRUE,TRUE,TRUE,TRUE,TRUE,45.75,0,14,15,0,1,0,0,0,0,0,0,0,1,24,16,3
56413,1,48,95,TRUE,TRUE,FALSE,TRUE,TRUE,44.85,0,9,4,0,0,0,0,0,0,0,0,0,0,15,8,3
64994,2,21,20,FALSE,FALSE,FALSE,FALSE,TRUE,44.55,9,15,25,0,0,0,0,0,0,0,0,0,10,48,30,2
63835,2,25,28,FALSE,FALSE,FALSE,FALSE,FALSE,44.5,6,7,9,1,8,1,0,0,0,0,0,0,9,18,9,3
63505,1,18,31,TRUE,TRUE,TRUE,TRUE,TRUE,44.25,2,12,13,0,1,3,0,0,0,0,0,0,2,19,13,3
61161,2,19,51,FALSE,FALSE,FALSE,FALSE,TRUE,44.25,10,7,3,1,0,0,0,0,0,0,0,0,10,35,3,3
46644,1,20,173,TRUE,TRUE,TRUE,TRUE,TRUE,44.25,0,9,13,0,0,1,0,0,0,0,0,0,0,15,13,3
60205,2,20,60,TRUE,TRUE,FALSE,TRUE,TRUE,44.15,6,12,23,0,0,0,0,0,0,0,0,0,6,19,24,1
61356,1,19,50,FALSE,FALSE,TRUE,TRUE,TRUE,44.15,2,10,15,1,0,0,0,0,0,0,0,0,3,20,18,3
65697,2,22,16,TRUE,TRUE,TRUE,TRUE,FALSE,44.1,5,13,6,1,0,0,0,0,0,0,0,0,6,22,6,3
62666,1,18,38,TRUE,TRUE,TRUE,TRUE,TRUE,43.75,4,11,14,0,0,2,0,0,0,0,3,0,5,17,14,3
60531,1,23,57,TRUE,TRUE,FALSE,TRUE,TRUE,43.15,6,9,26,0,0,0,0,0,0,0,0,0,6,19,27,3
64120,1,19,26,TRUE,TRUE,FALSE,TRUE,TRUE,43.15,3,10,17,0,0,0,0,0,0,0,0,0,4,17,22,3
62272,2,32,42,TRUE,TRUE,TRUE,TRUE,TRUE,42.85,3,11,10,0,0,0,0,0,0,0,0,0,3,19,14,3
63765,1,25,29,TRUE,TRUE,FALSE,TRUE,TRUE,42.55,2,12,11,0,0,0,0,0,0,0,0,0,2,21,11,2
61580,1,22,48,TRUE,TRUE,TRUE,TRUE,TRUE,42.25,3,11,8,1,0,0,0,0,0,0,0,0,3,18,8,2
66757,2,26,10,FALSE,FALSE,FALSE,FALSE,FALSE,41.6,6,11,27,1,4,2,0,0,0,0,0,0,8,32,31,0
67976,1,23,4,TRUE,TRUE,TRUE,TRUE,TRUE,41.25,1,9,13,0,0,0,0,0,0,0,0,0,2,17,19,3
67076,1,21,9,TRUE,TRUE,TRUE,TRUE,TRUE,41.25,1,13,15,0,0,1,0,0,0,0,0,0,2,23,15,3
59018,2,26,73,TRUE,TRUE,TRUE,TRUE,TRUE,40.85,0,10,4,0,1,0,0,0,0,0,0,0,0,12,4,3
61925,1,18,45,TRUE,TRUE,FALSE,TRUE,TRUE,40.55,4,8,14,2,1,0,0,0,0,0,0,0,4,13,14,0
65893,1,29,14,TRUE,TRUE,TRUE,TRUE,FALSE,40.5,1,12,8,0,1,0,0,0,0,0,0,0,2,21,9,3
66656,1,29,11,TRUE,TRUE,TRUE,TRUE,FALSE,40.5,1,11,21,0,1,1,0,0,0,0,0,0,2,20,26,3
64471,1,20,23,TRUE,TRUE,TRUE,TRUE,FALSE,40.5,0,9,13,0,0,0,0,0,0,0,1,0,0,14,13,3
64495,1,18,23,TRUE,TRUE,TRUE,TRUE,FALSE,40.5,0,9,11,0,0,0,0,0,0,0,1,0,0,16,11,3
68086,1,19,3,FALSE,FALSE,FALSE,FALSE,TRUE,40.25,5,10,14,0,2,0,0,0,0,0,1,0,5,20,19,2
61640,2,20,48,TRUE,TRUE,TRUE,TRUE,TRUE,39.85,0,13,2,0,0,0,0,0,0,0,0,0,1,35,2,3
63322,1,21,32,TRUE,TRUE,TRUE,FALSE,TRUE,39.75,1,9,6,0,0,1,0,0,0,0,0,0,1,15,7,3
60436,1,22,58,TRUE,TRUE,FALSE,TRUE,TRUE,39.55,2,9,13,0,0,0,0,0,0,0,0,0,3,17,13,3
64063,1,20,26,TRUE,TRUE,TRUE,TRUE,TRUE,39.25,2,9,17,0,0,1,0,0,0,0,0,0,2,15,18,3
64428,2,21,24,TRUE,TRUE,TRUE,TRUE,FALSE,39.1,4,13,12,1,0,1,0,0,0,0,0,0,4,37,14,3
66035,1,26,14,TRUE,TRUE,TRUE,TRUE,FALSE,38.5,2,10,6,0,0,0,0,0,0,0,2,0,3,17,7,3
61624,1,19,48,FALSE,FALSE,TRUE,TRUE,TRUE,38.25,6,10,29,2,2,4,0,0,0,0,0,0,6,16,35,0
63508,2,21,31,TRUE,TRUE,TRUE,TRUE,TRUE,36.85,1,9,9,0,0,0,0,0,0,0,0,0,2,15,9,2
61797,2,31,46,TRUE,TRUE,FALSE,TRUE,TRUE,36.55,6,8,18,0,0,0,0,0,0,0,0,0,8,19,18,2
62573,1,21,39,FALSE,FALSE,TRUE,TRUE,TRUE,36.25,0,10,10,0,0,0,0,0,0,0,0,0,0,15,12,3
63619,2,19,30,TRUE,TRUE,FALSE,TRUE,TRUE,35.15,1,9,10,0,0,1,0,0,0,0,0,0,1,14,10,2
65263,1,30,18,TRUE,TRUE,TRUE,TRUE,FALSE,34.5,5,9,18,0,0,0,0,0,0,0,1,0,10,22,23,0
61977,1,26,44,FALSE,FALSE,TRUE,TRUE,TRUE,34.25,3,7,8,1,0,0,0,0,0,0,0,0,3,10,8,0
65391,2,32,17,TRUE,TRUE,TRUE,TRUE,FALSE,34.1,1,12,15,0,1,0,0,0,0,0,0,0,2,27,15,3
61352,2,27,50,FALSE,FALSE,FALSE,TRUE,FALSE,33.7,6,6,21,0,0,2,0,0,0,0,0,0,7,20,26,0
66485,2,22,11,TRUE,TRUE,TRUE,TRUE,FALSE,32,5,11,19,0,0,0,0,0,0,0,0,0,7,23,20,3
60404,1,27,58,FALSE,FALSE,FALSE,FALSE,FALSE,32,9,3,18,0,0,0,0,0,0,0,0,0,10,13,22,1
62509,1,20,40,TRUE,TRUE,TRUE,TRUE,TRUE,31.95,2,7,7,0,0,0,0,0,0,0,0,0,3,13,10,3
61972,1,19,44,FALSE,FALSE,FALSE,FALSE,TRUE,31.55,7,5,6,1,0,2,0,0,0,0,0,0,7,13,10,1
62038,2,25,44,TRUE,TRUE,TRUE,TRUE,TRUE,31.55,1,9,5,0,0,0,0,0,0,0,0,0,1,11,6,3
55242,1,21,101,TRUE,TRUE,FALSE,TRUE,TRUE,31.55,3,9,15,1,0,1,0,0,0,0,0,0,4,13,16,1
62656,1,20,38,TRUE,TRUE,TRUE,TRUE,TRUE,31.25,4,7,7,3,1,0,0,0,0,0,0,0,4,9,7,2
60616,2,18,56,FALSE,FALSE,TRUE,TRUE,TRUE,31.25,6,8,8,0,0,0,0,0,0,0,0,0,7,13,9,2
64448,1,20,23,FALSE,FALSE,FALSE,FALSE,FALSE,31,4,7,6,0,3,2,0,0,0,0,0,0,4,11,6,1
61254,1,51,51,FALSE,FALSE,FALSE,FALSE,FALSE,30.9,8,9,9,1,0,0,0,0,0,0,0,0,9,15,10,0
64098,1,19,26,FALSE,FALSE,FALSE,FALSE,TRUE,30.75,5,8,14,0,3,5,0,0,0,0,0,0,5,11,15,1
66178,1,26,13,FALSE,FALSE,FALSE,FALSE,FALSE,30,5,6,18,0,1,2,0,0,0,0,0,0,5,15,18,1
63782,2,27,29,TRUE,TRUE,TRUE,TRUE,TRUE,29.85,3,9,2,0,0,0,0,0,0,0,0,0,3,16,2,3
63972,1,29,27,FALSE,FALSE,TRUE,TRUE,TRUE,29.25,0,8,15,0,0,0,0,0,0,0,0,0,0,17,16,3
62083,1,18,44,FALSE,FALSE,TRUE,TRUE,TRUE,29.25,3,11,6,0,0,2,0,0,0,0,0,0,3,15,13,2
62850,1,21,37,FALSE,FALSE,TRUE,TRUE,TRUE,29.25,1,11,8,0,0,0,0,0,0,0,0,0,1,17,10,3
62858,1,20,37,FALSE,FALSE,TRUE,TRUE,TRUE,29.25,4,9,1,0,0,0,0,0,0,0,0,0,6,14,1,1
64586,1,30,23,FALSE,FALSE,FALSE,FALSE,FALSE,29,5,2,3,0,0,0,0,0,0,0,0,0,8,3,5,1
59512,2,27,68,FALSE,FALSE,FALSE,FALSE,FALSE,28.7,4,3,2,0,0,0,0,0,0,0,0,0,6,12,3,0
62664,1,28,38,TRUE,TRUE,FALSE,TRUE,TRUE,27.55,2,7,4,0,0,0,0,0,0,0,0,0,2,12,5,3
54410,1,20,106,TRUE,TRUE,TRUE,TRUE,FALSE,27.5,0,9,2,0,0,0,0,0,0,0,0,0,1,10,5,3
67256,1,22,8,FALSE,FALSE,FALSE,FALSE,FALSE,27,6,5,10,0,0,0,0,0,0,0,0,1,6,13,15,2
67549,1,22,6,FALSE,FALSE,FALSE,FALSE,FALSE,27,6,5,10,0,0,0,0,0,0,0,0,0,6,14,13,2
66927,1,21,9,FALSE,FALSE,FALSE,FALSE,FALSE,27,4,7,15,0,0,4,0,0,0,0,0,0,5,15,22,1
64488,1,20,23,FALSE,FALSE,FALSE,FALSE,FALSE,26.5,6,4,7,1,0,0,0,0,0,0,3,1,6,8,8,0
63338,1,19,32,TRUE,TRUE,TRUE,TRUE,TRUE,26.25,3,8,9,0,0,0,0,0,0,0,0,0,4,11,11,2
66872,1,21,10,FALSE,FALSE,FALSE,FALSE,TRUE,25.75,5,8,4,0,0,0,0,0,0,0,0,0,5,15,5,1
66650,2,31,11,FALSE,FALSE,FALSE,FALSE,FALSE,25.6,4,7,7,0,0,0,0,0,0,0,0,0,6,11,8,1
60164,2,25,60,FALSE,FALSE,FALSE,FALSE,FALSE,25,13,6,16,1,2,8,0,0,0,0,0,0,17,28,19,1
64354,1,23,24,FALSE,FALSE,FALSE,FALSE,FALSE,25,4,6,12,0,1,0,0,0,0,0,0,0,4,8,16,1
54805,1,18,104,FALSE,FALSE,FALSE,FALSE,FALSE,25,7,3,11,0,0,0,0,0,0,0,0,0,8,8,12,1
62543,1,20,40,FALSE,FALSE,FALSE,FALSE,TRUE,24.75,5,6,8,0,2,1,0,0,0,0,0,0,5,7,8,0
61848,1,18,45,FALSE,FALSE,FALSE,FALSE,TRUE,24.75,5,5,10,0,2,5,0,0,0,0,0,0,5,6,10,0
63587,1,18,30,FALSE,FALSE,FALSE,FALSE,FALSE,24,5,5,8,0,0,3,0,0,0,0,0,0,7,9,10,1
64339,1,19,24,FALSE,FALSE,FALSE,FALSE,FALSE,24,7,5,7,0,0,1,0,0,0,0,0,0,7,10,10,0
67473,1,20,7,FALSE,FALSE,FALSE,FALSE,FALSE,24,4,5,12,0,0,0,0,0,0,0,0,0,5,13,13,1
63777,1,27,29,FALSE,FALSE,FALSE,FALSE,TRUE,23.75,9,3,15,0,0,0,0,0,0,0,0,0,10,12,17,0
43279,1,19,221,FALSE,FALSE,TRUE,TRUE,TRUE,23.25,1,6,6,1,0,0,0,0,0,0,0,0,1,8,7,2
64696,1,28,22,FALSE,FALSE,FALSE,FALSE,FALSE,23,5,6,9,1,2,2,0,0,0,0,0,0,5,7,9,0
41220,2,22,246,FALSE,FALSE,TRUE,TRUE,TRUE,22.85,4,8,15,0,0,0,0,0,0,0,0,0,4,28,15,3
57983,1,21,84,FALSE,FALSE,FALSE,FALSE,TRUE,22.25,9,6,6,0,0,0,0,0,0,0,0,0,9,12,7,0
62724,2,27,38,FALSE,FALSE,FALSE,TRUE,FALSE,22.1,3,9,7,0,0,0,0,0,0,0,0,0,4,33,7,2
67766,1,26,5,FALSE,FALSE,FALSE,FALSE,FALSE,22,5,4,11,0,0,1,0,0,0,0,0,0,6,8,19,1
62246,1,20,42,FALSE,FALSE,FALSE,FALSE,FALSE,22,4,5,8,0,0,3,0,0,0,0,0,0,7,6,9,1
58371,1,23,80,FALSE,FALSE,FALSE,FALSE,FALSE,21.9,7,6,5,0,0,1,0,0,0,0,0,0,8,13,5,1
63321,1,22,32,TRUE,TRUE,TRUE,TRUE,TRUE,21.25,1,5,3,0,0,0,0,0,0,0,0,0,1,7,3,3
60514,1,29,57,FALSE,FALSE,FALSE,FALSE,FALSE,21,6,4,21,0,2,11,0,0,0,0,0,0,7,4,21,0
57930,1,21,84,FALSE,FALSE,FALSE,FALSE,FALSE,20.9,9,8,12,0,0,2,0,0,0,0,0,0,10,10,13,0
63586,1,31,30,FALSE,FALSE,FALSE,FALSE,TRUE,20.75,8,4,5,0,0,0,0,0,0,0,2,1,8,11,10,1
54725,1,18,104,FALSE,FALSE,FALSE,FALSE,TRUE,20.75,6,3,7,0,0,1,0,0,0,0,0,0,7,5,7,0
63711,1,21,29,FALSE,FALSE,TRUE,FALSE,FALSE,20.7,4,6,10,0,1,2,0,0,0,0,0,0,5,8,10,1
65849,1,25,15,FALSE,FALSE,FALSE,FALSE,FALSE,20.6,9,6,22,0,0,2,0,0,0,0,0,0,9,27,23,2
57948,1,18,84,FALSE,FALSE,FALSE,FALSE,FALSE,20.5,6,5,14,0,0,1,0,0,0,0,0,0,7,12,14,1
63411,1,23,32,FALSE,FALSE,FALSE,FALSE,FALSE,20,4,2,14,0,0,0,0,0,0,0,0,0,6,5,14,1
59248,2,22,71,FALSE,FALSE,FALSE,FALSE,TRUE,19.75,10,5,16,1,0,0,0,0,0,0,0,0,10,31,18,2
59768,1,18,65,FALSE,FALSE,FALSE,FALSE,TRUE,19.65,12,5,10,1,0,0,0,0,0,0,0,0,13,10,13,1
63200,1,21,34,FALSE,FALSE,FALSE,FALSE,TRUE,19.25,6,8,14,0,0,1,0,0,0,0,0,0,6,15,15,2
68012,1,21,4,FALSE,FALSE,FALSE,FALSE,TRUE,19.25,6,6,16,0,0,0,0,0,0,0,0,0,6,11,16,1
65080,2,22,19,FALSE,FALSE,FALSE,FALSE,FALSE,19,4,3,3,0,0,0,0,0,0,0,0,0,4,5,5,1
64865,1,21,21,FALSE,FALSE,FALSE,FALSE,FALSE,19,5,5,5,0,0,1,0,0,0,0,0,0,6,6,6,0
60265,2,25,59,FALSE,FALSE,FALSE,FALSE,TRUE,18.75,11,4,21,0,0,0,0,0,0,0,0,0,13,19,21,0
62433,1,18,41,FALSE,FALSE,FALSE,FALSE,TRUE,18.75,7,4,12,1,1,1,0,0,0,0,0,0,7,6,12,0
64832,2,26,21,FALSE,FALSE,FALSE,FALSE,FALSE,18.6,5,5,14,1,0,0,0,0,0,0,0,0,5,12,14,0
65163,2,30,19,FALSE,FALSE,FALSE,FALSE,FALSE,18.6,7,5,6,1,0,0,0,0,0,0,0,0,7,9,6,0
65261,2,24,18,FALSE,FALSE,FALSE,FALSE,FALSE,18.6,9,6,25,1,0,2,0,0,0,0,0,0,10,32,25,3
60909,2,45,54,FALSE,FALSE,TRUE,TRUE,TRUE,18.25,2,6,5,0,0,0,0,0,0,0,0,0,2,8,5,3
25090,1,19,514,FALSE,FALSE,FALSE,FALSE,FALSE,17.8,6,6,6,1,0,0,0,0,0,0,0,0,6,8,6,1
65380,1,21,18,FALSE,FALSE,FALSE,FALSE,FALSE,17.8,7,5,7,1,2,1,0,0,0,0,0,0,7,10,7,0
63521,1,20,31,FALSE,FALSE,FALSE,FALSE,TRUE,17.75,5,2,4,0,0,2,0,0,0,0,0,0,5,6,5,1
61787,1,19,46,FALSE,FALSE,FALSE,FALSE,TRUE,17.75,7,3,12,1,0,0,0,0,0,0,0,0,7,8,12,1
68337,1,21,2,FALSE,FALSE,FALSE,FALSE,TRUE,17.75,6,3,7,0,0,1,0,0,0,0,0,0,6,6,9,1
63191,1,18,34,FALSE,FALSE,FALSE,FALSE,TRUE,17.75,5,3,0,1,0,0,0,0,0,0,0,0,5,5,0,0
64088,1,22,26,FALSE,FALSE,FALSE,FALSE,TRUE,17.75,5,2,1,1,0,1,0,0,0,0,0,0,5,4,1,0
63864,1,21,28,FALSE,FALSE,FALSE,FALSE,TRUE,17.75,4,2,2,0,0,1,0,0,0,0,0,0,4,4,2,1
62920,1,18,36,FALSE,FALSE,FALSE,FALSE,TRUE,17.75,4,4,14,0,0,1,0,0,0,0,0,0,4,9,14,1
67621,1,19,6,FALSE,FALSE,FALSE,FALSE,TRUE,17.75,6,3,13,0,0,1,0,0,0,0,0,0,6,8,13,1
67669,1,21,5,FALSE,FALSE,FALSE,FALSE,FALSE,17,5,3,2,0,0,0,0,0,0,0,0,0,5,6,2,0
63913,2,19,27,FALSE,FALSE,FALSE,FALSE,FALSE,17,6,5,10,0,1,0,0,0,0,0,0,0,7,15,10,1
66057,1,18,13,FALSE,FALSE,FALSE,FALSE,FALSE,17,6,4,0,0,1,0,0,0,0,0,0,0,6,7,0,2
47663,1,18,162,FALSE,FALSE,FALSE,FALSE,FALSE,17,11,2,12,0,0,5,0,0,0,0,0,0,13,3,13,0
64177,1,19,25,FALSE,FALSE,FALSE,FALSE,FALSE,17,3,3,0,0,1,0,0,0,0,0,0,0,5,4,0,0
64643,1,23,22,FALSE,FALSE,FALSE,FALSE,FALSE,17,5,5,3,1,1,0,0,0,0,0,0,0,5,6,3,0
67526,1,26,6,FALSE,FALSE,FALSE,FALSE,FALSE,17,5,4,8,0,0,0,0,0,0,0,0,0,5,10,13,1
63577,1,22,30,FALSE,FALSE,TRUE,TRUE,TRUE,16.25,1,5,5,0,0,0,0,0,0,0,0,0,1,7,5,3
63036,1,25,35,FALSE,FALSE,TRUE,TRUE,TRUE,16.25,2,4,5,0,0,0,0,0,0,0,0,0,2,7,5,3
67382,2,23,7,FALSE,FALSE,FALSE,FALSE,FALSE,16,6,4,11,1,0,0,0,0,0,0,0,0,8,14,11,0
63840,1,23,28,FALSE,FALSE,FALSE,FALSE,FALSE,16,3,2,7,0,0,1,0,0,0,0,0,0,4,4,7,1
61888,2,21,45,FALSE,FALSE,FALSE,FALSE,FALSE,16,8,5,16,1,0,0,0,0,0,0,0,0,11,29,16,2
64386,2,34,24,FALSE,FALSE,FALSE,FALSE,FALSE,16,11,4,8,1,0,0,0,0,0,0,0,0,12,27,8,0
67435,2,19,7,FALSE,FALSE,FALSE,FALSE,FALSE,16,6,4,6,0,0,0,0,0,0,0,0,0,6,8,11,1
59374,1,23,70,FALSE,FALSE,FALSE,FALSE,FALSE,16,11,7,17,0,0,5,0,0,0,0,0,0,13,14,18,1
65287,1,19,18,FALSE,FALSE,FALSE,FALSE,FALSE,15.9,4,6,14,0,0,1,0,0,0,0,0,0,4,8,14,1
59352,1,22,70,FALSE,FALSE,FALSE,FALSE,FALSE,15.9,9,5,13,1,0,0,0,0,0,0,0,0,10,11,13,0
61493,1,26,49,FALSE,FALSE,FALSE,FALSE,TRUE,15.75,6,5,8,1,0,0,0,0,0,0,0,0,6,6,8,0
63976,1,18,27,FALSE,FALSE,FALSE,FALSE,TRUE,15.75,6,2,1,1,0,1,0,0,0,0,0,0,6,3,1,0
64221,1,19,25,FALSE,FALSE,FALSE,FALSE,TRUE,15.75,5,4,2,1,0,0,0,0,0,0,0,0,5,5,2,0
63952,1,25,27,FALSE,FALSE,FALSE,FALSE,TRUE,15.75,5,2,4,0,0,1,0,0,0,0,0,0,5,3,5,1
63111,1,18,34,FALSE,FALSE,FALSE,FALSE,TRUE,15.75,5,2,3,0,0,1,0,0,0,0,0,0,5,3,3,0
62189,1,20,43,FALSE,FALSE,FALSE,FALSE,TRUE,15.75,6,5,3,1,0,1,0,0,0,0,0,0,6,6,3,0
62613,1,21,39,FALSE,FALSE,FALSE,FALSE,TRUE,15.75,6,3,1,1,0,0,0,0,0,0,0,0,6,4,1,0
62951,1,19,36,FALSE,FALSE,FALSE,FALSE,TRUE,15.75,4,2,2,0,0,0,0,0,0,0,0,0,4,3,2,0
61195,1,19,51,FALSE,FALSE,FALSE,FALSE,TRUE,15.75,6,5,5,0,0,2,0,0,0,0,0,0,6,7,5,0
63398,1,26,32,FALSE,FALSE,FALSE,FALSE,TRUE,15.75,4,2,2,0,0,0,0,0,0,0,0,0,4,3,2,0
61799,1,18,46,FALSE,FALSE,FALSE,FALSE,FALSE,15,6,2,3,0,0,1,0,0,0,0,0,0,7,2,3,0
61979,1,32,44,FALSE,FALSE,FALSE,FALSE,FALSE,15,6,2,2,0,0,0,0,0,0,0,0,0,7,2,2,0
8104,1,18,700,FALSE,FALSE,FALSE,FALSE,FALSE,15,7,4,6,0,0,0,0,0,0,0,0,0,9,7,6,1
62415,1,23,41,FALSE,FALSE,TRUE,TRUE,TRUE,14.25,0,3,1,0,0,0,0,0,0,0,0,0,0,4,1,3
63371,1,31,32,FALSE,FALSE,TRUE,TRUE,TRUE,14.25,2,6,2,0,0,0,0,0,0,0,0,0,2,8,2,1
65545,1,18,17,FALSE,FALSE,FALSE,FALSE,FALSE,14,7,3,2,1,0,0,0,0,0,0,0,0,7,5,2,0
63540,2,24,31,FALSE,FALSE,FALSE,FALSE,FALSE,14,4,3,4,1,0,0,0,0,0,0,0,0,5,3,4,0
67694,1,24,5,FALSE,FALSE,FALSE,FALSE,FALSE,14,5,3,3,0,0,1,0,0,0,0,0,0,5,5,3,1
65143,1,19,19,FALSE,FALSE,FALSE,FALSE,FALSE,14,5,3,4,0,0,0,0,0,0,0,0,0,5,4,4,1
67421,1,23,7,FALSE,FALSE,FALSE,FALSE,FALSE,14,5,3,7,1,0,0,0,0,0,0,0,0,5,7,7,0
66188,1,18,13,FALSE,FALSE,FALSE,FALSE,FALSE,14,7,4,2,1,0,0,0,0,0,0,0,0,7,8,2,1
66189,1,19,13,FALSE,FALSE,FALSE,FALSE,FALSE,14,5,5,16,0,0,2,0,0,0,0,0,0,5,8,16,1
68284,1,19,2,FALSE,FALSE,FALSE,FALSE,FALSE,14,7,3,2,0,0,1,0,0,0,0,0,0,7,6,2,1
64289,1,20,24,FALSE,FALSE,FALSE,FALSE,FALSE,14,4,2,2,0,0,2,0,0,0,0,0,0,4,3,2,1
65657,1,21,16,FALSE,FALSE,FALSE,FALSE,FALSE,14,5,3,3,1,0,0,0,0,0,0,0,0,5,5,3,0
64976,1,24,20,FALSE,FALSE,FALSE,FALSE,FALSE,14,5,3,7,0,0,4,0,0,0,0,0,0,5,5,7,1
65494,1,18,17,FALSE,FALSE,FALSE,FALSE,FALSE,14,7,3,6,1,0,2,0,0,0,0,0,0,7,5,6,0
66331,1,23,12,FALSE,FALSE,FALSE,FALSE,FALSE,14,4,3,8,0,0,1,0,0,0,0,0,0,4,4,8,1
64744,1,24,21,FALSE,FALSE,FALSE,FALSE,FALSE,14,6,4,5,1,0,0,0,0,0,0,0,0,6,5,5,0
64330,1,25,24,FALSE,FALSE,FALSE,FALSE,FALSE,14,5,3,6,1,0,0,0,0,0,0,0,0,5,4,6,0
67135,1,24,8,FALSE,FALSE,FALSE,FALSE,FALSE,14,4,4,9,0,0,2,0,0,0,0,0,0,4,8,9,2
64417,1,18,24,FALSE,FALSE,FALSE,FALSE,FALSE,14,4,4,4,0,0,1,0,0,0,0,0,0,4,5,4,1
67399,1,21,7,FALSE,FALSE,FALSE,FALSE,FALSE,14,5,3,12,0,0,2,0,0,0,0,0,0,5,6,12,1
67818,1,27,5,FALSE,FALSE,FALSE,FALSE,FALSE,14,6,3,7,0,0,2,0,0,0,0,0,0,7,6,7,0
64472,1,32,23,FALSE,FALSE,FALSE,FALSE,FALSE,14,5,3,2,1,0,0,0,0,0,0,0,0,5,4,2,0
65393,1,22,17,FALSE,FALSE,FALSE,FALSE,FALSE,14,6,4,9,0,0,1,0,0,0,0,0,0,6,9,12,1
63695,1,25,29,FALSE,FALSE,FALSE,FALSE,FALSE,14,4,2,1,0,0,1,0,0,0,0,0,0,5,3,1,0
65413,1,19,17,FALSE,FALSE,FALSE,FALSE,FALSE,14,5,3,0,1,0,0,0,0,0,0,0,0,6,4,0,0
64816,1,19,21,FALSE,FALSE,FALSE,FALSE,FALSE,14,5,3,9,1,0,2,0,0,0,0,0,0,5,5,9,0
64921,1,25,20,FALSE,FALSE,FALSE,FALSE,FALSE,14,5,4,7,0,0,1,0,0,0,0,0,0,5,5,7,1
64979,1,21,20,FALSE,FALSE,FALSE,FALSE,FALSE,14,5,3,2,0,0,1,0,0,0,0,0,0,5,4,2,1
63017,1,18,35,FALSE,FALSE,FALSE,FALSE,FALSE,14,4,2,1,0,0,1,0,0,0,0,0,0,4,3,1,1
65067,1,18,19,FALSE,FALSE,FALSE,FALSE,FALSE,14,5,4,6,0,0,3,0,0,0,0,0,0,6,5,6,1
67117,1,22,8,FALSE,FALSE,FALSE,FALSE,FALSE,14,5,3,6,0,0,1,0,0,0,0,0,0,5,7,6,1
65355,1,23,18,FALSE,FALSE,FALSE,FALSE,FALSE,14,7,4,5,1,0,0,0,0,0,0,0,0,7,6,5,0
65087,1,19,19,FALSE,FALSE,FALSE,FALSE,FALSE,14,6,3,1,1,0,0,0,0,0,0,0,0,6,4,1,0
64102,2,19,26,FALSE,FALSE,FALSE,FALSE,FALSE,14,4,4,15,1,0,0,0,0,0,0,0,0,5,5,15,1
65182,1,29,19,FALSE,FALSE,FALSE,FALSE,FALSE,14,6,4,7,1,0,1,0,0,0,0,0,0,6,5,7,0
65196,1,19,19,FALSE,FALSE,FALSE,FALSE,FALSE,14,4,4,5,0,0,0,0,0,0,0,0,0,5,5,5,1
65201,1,21,19,FALSE,FALSE,FALSE,FALSE,FALSE,14,5,4,4,0,0,1,0,0,0,0,0,0,5,5,4,1
64843,1,21,21,FALSE,FALSE,FALSE,FALSE,FALSE,14,4,3,4,0,0,2,0,0,0,0,0,0,4,4,4,1
66175,1,24,13,FALSE,FALSE,FALSE,FALSE,FALSE,14,6,3,10,1,0,0,0,0,0,0,0,0,6,5,10,0
65051,1,23,19,FALSE,FALSE,FALSE,FALSE,FALSE,14,5,3,1,0,0,1,0,0,0,0,0,0,5,4,1,1
63277,2,30,33,FALSE,FALSE,FALSE,FALSE,FALSE,14,4,3,1,0,0,0,0,0,0,0,0,0,4,3,2,0
65170,1,19,19,FALSE,FALSE,FALSE,FALSE,FALSE,14,4,3,3,0,0,1,0,0,0,0,0,0,4,4,3,1
67571,1,19,6,FALSE,FALSE,FALSE,FALSE,FALSE,14,8,3,13,0,0,2,0,0,0,0,0,0,8,5,13,1
63922,2,19,27,FALSE,FALSE,FALSE,FALSE,FALSE,13.6,7,4,15,0,0,0,0,0,0,0,0,0,9,21,15,1
61933,2,18,45,FALSE,FALSE,FALSE,FALSE,TRUE,13.35,5,3,12,0,0,0,0,0,0,0,0,0,5,7,12,0
61202,1,22,51,FALSE,FALSE,FALSE,FALSE,TRUE,12.75,8,2,15,0,0,0,0,0,0,0,0,0,8,25,17,3
63535,1,18,31,FALSE,FALSE,FALSE,FALSE,FALSE,12,4,2,0,1,0,0,0,0,0,0,0,0,5,2,2,0
63536,1,18,31,FALSE,FALSE,FALSE,FALSE,FALSE,12,5,2,2,0,0,0,0,0,0,0,0,0,6,2,2,0
63588,1,21,30,FALSE,FALSE,FALSE,FALSE,FALSE,12,4,2,0,1,0,0,0,0,0,0,0,0,5,2,0,0
63911,1,18,27,FALSE,FALSE,FALSE,FALSE,FALSE,12,4,3,4,0,0,0,0,0,0,0,0,0,5,3,4,0
61975,1,31,44,FALSE,FALSE,FALSE,FALSE,FALSE,12,4,2,9,0,0,5,0,0,0,0,0,0,5,2,9,0
64090,1,18,26,FALSE,FALSE,FALSE,FALSE,FALSE,12,3,1,1,0,0,0,0,0,0,0,0,0,4,1,1,0
62234,1,19,42,FALSE,FALSE,FALSE,FALSE,FALSE,12,3,3,0,0,0,0,0,0,0,0,0,0,4,3,0,0
62437,1,18,41,FALSE,FALSE,FALSE,FALSE,FALSE,12,4,4,4,0,0,0,0,0,0,0,0,0,5,4,4,0
62511,1,27,40,FALSE,FALSE,FALSE,FALSE,FALSE,12,5,2,5,0,0,1,0,0,0,0,0,0,6,2,5,0
62629,1,26,39,FALSE,FALSE,FALSE,FALSE,FALSE,12,3,2,1,0,0,0,0,0,0,0,0,0,4,2,1,0
62740,1,20,37,FALSE,FALSE,FALSE,FALSE,FALSE,12,5,4,2,0,0,1,0,0,0,0,0,0,6,4,2,0
63085,1,23,35,FALSE,FALSE,FALSE,FALSE,FALSE,12,3,2,1,0,0,1,0,0,0,0,0,0,4,2,1,0
63478,2,18,31,FALSE,FALSE,FALSE,FALSE,FALSE,12,5,2,0,1,0,0,0,0,0,0,0,0,6,2,0,1
63133,1,18,34,FALSE,FALSE,FALSE,FALSE,FALSE,12,4,2,1,0,0,1,0,0,0,0,0,0,5,2,2,0
66526,1,25,11,FALSE,FALSE,FALSE,FALSE,FALSE,12,5,3,7,0,0,2,0,0,0,0,0,0,6,6,7,1
63584,1,18,30,FALSE,FALSE,FALSE,FALSE,FALSE,12,3,1,0,0,0,0,0,0,0,0,0,0,4,1,0,1
63373,1,23,32,FALSE,FALSE,FALSE,FALSE,FALSE,12,4,2,2,0,0,0,0,0,0,0,0,0,5,2,3,0
63432,1,25,31,FALSE,FALSE,FALSE,FALSE,FALSE,12,3,2,1,0,0,0,0,0,0,0,0,0,4,2,1,0
63462,1,18,31,FALSE,FALSE,FALSE,FALSE,FALSE,12,6,3,1,1,0,0,0,0,0,0,0,0,8,3,2,0
59880,2,34,63,FALSE,FALSE,FALSE,FALSE,FALSE,11,17,3,14,0,0,0,0,0,0,0,0,0,18,30,19,2
65125,1,20,19,FALSE,FALSE,FALSE,FALSE,FALSE,10.8,7,4,7,0,0,0,0,0,0,0,0,0,7,6,10,1
61514,2,64,49,FALSE,FALSE,FALSE,FALSE,TRUE,10.75,8,2,23,0,0,0,0,0,0,0,0,0,8,12,25,3
62343,1,21,41,FALSE,FALSE,FALSE,FALSE,TRUE,10.75,8,1,1,0,0,0,0,0,0,0,0,0,8,3,1,1
63943,1,24,27,FALSE,FALSE,FALSE,FALSE,TRUE,10.75,9,0,2,0,0,0,0,0,0,0,0,0,9,3,3,1
62844,1,24,37,FALSE,FALSE,FALSE,FALSE,TRUE,10.75,4,1,3,0,0,0,0,0,0,0,0,0,4,2,3,0
62840,1,18,37,FALSE,FALSE,FALSE,FALSE,TRUE,10.75,8,1,7,0,0,0,0,0,0,0,0,0,9,6,10,0
61047,1,18,52,FALSE,FALSE,FALSE,FALSE,TRUE,10.75,5,1,4,0,0,0,0,0,0,0,0,0,5,4,4,1
63260,1,19,33,FALSE,FALSE,FALSE,FALSE,TRUE,10.75,4,1,3,0,0,0,0,0,0,0,0,0,5,2,3,1
63465,1,18,31,FALSE,FALSE,FALSE,FALSE,FALSE,10.7,7,0,1,0,0,0,0,0,0,0,0,0,10,1,1,0
58764,1,33,76,FALSE,FALSE,FALSE,FALSE,FALSE,10,7,0,3,0,0,0,0,0,0,0,0,0,7,2,3,0
61850,2,22,45,FALSE,FALSE,FALSE,FALSE,FALSE,9.6,5,3,13,0,0,0,0,0,0,0,0,0,8,23,13,2
64880,1,24,20,FALSE,FALSE,FALSE,FALSE,FALSE,9,5,3,13,0,0,0,0,0,0,0,0,0,5,4,13,1
63692,1,22,29,FALSE,FALSE,FALSE,FALSE,FALSE,9,3,1,2,0,0,0,0,0,0,0,0,0,4,2,2,1
63773,1,20,29,FALSE,FALSE,FALSE,FALSE,FALSE,9,5,1,5,0,0,0,0,0,0,0,0,0,6,2,5,1
65856,1,19,15,FALSE,FALSE,FALSE,FALSE,FALSE,9,5,2,0,0,0,0,0,0,0,0,0,0,6,3,0,0
65923,1,22,14,FALSE,FALSE,FALSE,FALSE,FALSE,9,5,2,4,0,0,0,0,0,0,0,0,0,5,6,4,1
64062,2,21,26,FALSE,FALSE,FALSE,FALSE,FALSE,9,4,2,2,0,0,0,0,0,0,0,0,0,5,3,2,0
64875,1,18,21,FALSE,FALSE,FALSE,FALSE,FALSE,9,5,2,14,0,0,0,0,0,0,0,0,0,5,3,14,1
65501,1,21,17,FALSE,FALSE,FALSE,FALSE,FALSE,9,6,2,2,0,0,0,0,0,0,0,0,0,7,3,2,0
64844,1,20,21,FALSE,FALSE,FALSE,FALSE,FALSE,9,4,2,6,0,0,0,0,0,0,0,0,0,4,3,6,1
64947,1,21,20,FALSE,FALSE,FALSE,FALSE,FALSE,9,5,2,3,0,0,0,0,0,0,0,0,0,5,3,3,0
65198,1,27,19,FALSE,FALSE,FALSE,FALSE,FALSE,9,4,2,6,0,0,0,0,0,0,0,0,0,6,4,6,0
63350,2,18,32,FALSE,FALSE,FALSE,FALSE,FALSE,9,3,0,0,0,0,0,0,0,0,0,0,0,4,0,0,0
62358,1,22,41,FALSE,FALSE,FALSE,FALSE,TRUE,8.75,6,0,0,0,0,0,0,0,0,0,0,0,6,1,0,0
61911,1,19,45,FALSE,FALSE,FALSE,FALSE,TRUE,8.75,6,0,5,0,0,0,0,0,0,0,0,0,6,1,5,0
62877,1,22,36,FALSE,FALSE,FALSE,FALSE,TRUE,8.75,5,0,0,0,0,0,0,0,0,0,0,0,5,1,0,0
62956,1,23,36,FALSE,FALSE,FALSE,FALSE,TRUE,8.75,4,1,2,0,0,0,0,0,0,0,0,0,5,2,3,0
63699,2,23,29,FALSE,FALSE,TRUE,FALSE,FALSE,8.7,3,2,11,0,0,0,0,0,0,0,0,0,5,5,11,1
63446,1,20,31,FALSE,FALSE,FALSE,FALSE,FALSE,8.5,4,1,1,0,0,0,0,0,0,0,0,0,4,1,2,0
60435,1,30,58,FALSE,FALSE,FALSE,FALSE,FALSE,7,6,0,15,0,0,0,0,0,0,0,0,0,7,0,15,0
64534,1,27,23,FALSE,FALSE,FALSE,FALSE,FALSE,7,9,1,2,0,0,0,0,0,0,0,0,0,10,3,2,0
63627,1,21,30,FALSE,FALSE,FALSE,FALSE,FALSE,7,3,1,1,0,0,0,0,0,0,0,0,0,4,1,1,0
63820,1,21,28,FALSE,FALSE,FALSE,FALSE,FALSE,7,5,0,3,0,0,0,0,0,0,0,0,0,6,1,3,1
65889,1,21,14,FALSE,FALSE,FALSE,FALSE,FALSE,7,4,1,1,0,0,0,0,0,0,0,0,0,5,3,2,0
63869,1,23,28,FALSE,FALSE,FALSE,FALSE,FALSE,7,4,1,4,0,0,0,0,0,0,0,0,0,5,1,4,0
66031,2,19,14,FALSE,FALSE,FALSE,FALSE,FALSE,7,6,1,1,0,0,0,0,0,0,0,0,0,6,2,1,1
64003,1,24,27,FALSE,FALSE,FALSE,FALSE,FALSE,7,3,1,2,0,0,0,0,0,0,0,0,0,4,1,2,0
62054,1,23,44,FALSE,FALSE,FALSE,FALSE,FALSE,7,6,1,2,0,0,0,0,0,0,0,0,0,6,2,2,1
64155,1,20,25,FALSE,FALSE,FALSE,FALSE,FALSE,7,4,1,1,0,0,0,0,0,0,0,0,0,4,1,2,1
63450,1,21,31,FALSE,FALSE,FALSE,FALSE,FALSE,7,4,1,3,0,0,0,0,0,0,0,0,0,4,2,4,1
66928,1,32,9,FALSE,FALSE,FALSE,FALSE,FALSE,7,6,1,9,0,0,0,0,0,0,0,0,0,6,5,9,1
62905,1,31,36,FALSE,FALSE,FALSE,FALSE,FALSE,7,4,1,0,0,0,0,0,0,0,0,0,0,4,1,0,0
66556,1,36,11,FALSE,FALSE,FALSE,FALSE,FALSE,7,4,1,4,0,0,0,0,0,0,0,0,0,4,3,4,1
64511,1,20,23,FALSE,FALSE,FALSE,FALSE,FALSE,7,6,2,8,0,0,0,0,0,0,0,0,0,6,4,8,1
64800,1,25,21,FALSE,FALSE,FALSE,FALSE,FALSE,7,6,1,2,0,0,0,0,0,0,0,0,0,6,2,2,1
66332,1,24,12,FALSE,FALSE,FALSE,FALSE,FALSE,7,6,1,3,0,0,0,0,0,0,0,0,0,7,3,3,0
63385,1,19,32,FALSE,FALSE,FALSE,FALSE,FALSE,7,3,1,1,0,0,0,0,0,0,0,0,0,4,1,1,0
62026,1,20,44,FALSE,FALSE,FALSE,FALSE,FALSE,7,8,1,8,0,0,0,0,0,0,0,0,0,8,3,8,1
62935,1,21,36,FALSE,FALSE,FALSE,FALSE,FALSE,7,4,1,1,0,0,0,0,0,0,0,0,0,4,2,2,0
65015,1,25,20,FALSE,FALSE,FALSE,FALSE,FALSE,7,5,1,2,0,0,0,0,0,0,0,0,0,5,2,2,1
67154,1,21,8,FALSE,FALSE,FALSE,FALSE,FALSE,7,6,1,9,0,0,0,0,0,0,0,0,0,6,5,9,1
65142,1,21,19,FALSE,FALSE,FALSE,FALSE,FALSE,7,6,1,1,0,0,0,0,0,0,0,0,0,8,2,1,0
65193,1,24,19,FALSE,FALSE,FALSE,FALSE,FALSE,7,4,1,6,0,0,0,0,0,0,0,0,0,4,2,6,1
63290,1,23,33,FALSE,FALSE,FALSE,FALSE,FALSE,7,3,1,2,0,0,0,0,0,0,0,0,0,4,1,2,1
61980,1,19,44,FALSE,FALSE,FALSE,FALSE,FALSE,6.7,4,0,5,0,0,0,0,0,0,0,0,0,5,0,5,0
64129,1,28,26,FALSE,FALSE,FALSE,TRUE,FALSE,6.5,3,1,2,0,0,0,0,0,0,0,0,0,4,1,2,0
63538,1,25,31,FALSE,FALSE,FALSE,FALSE,FALSE,5,5,0,1,0,0,0,0,0,0,0,0,0,7,0,1,0
63299,1,22,33,FALSE,FALSE,FALSE,FALSE,FALSE,5,3,0,0,0,0,0,0,0,0,0,0,0,4,0,0,0
63854,1,22,28,FALSE,FALSE,FALSE,FALSE,FALSE,5,4,0,0,0,0,0,0,0,0,0,0,0,5,0,0,0
62541,1,18,40,FALSE,FALSE,FALSE,FALSE,FALSE,5,6,2,1,0,0,0,0,0,0,0,0,0,7,2,1,1
63986,1,20,27,FALSE,FALSE,FALSE,FALSE,FALSE,5,3,0,0,0,0,0,0,0,0,0,0,0,4,0,0,1
64257,1,18,25,FALSE,FALSE,FALSE,FALSE,FALSE,5,5,0,0,0,0,0,0,0,0,0,0,0,5,0,0,1
64181,1,27,25,FALSE,FALSE,FALSE,FALSE,FALSE,5,3,1,3,0,0,0,0,0,0,0,0,0,4,1,3,1
64192,1,18,25,FALSE,FALSE,FALSE,FALSE,FALSE,5,9,0,5,0,0,0,0,0,0,0,0,0,9,0,5,1
64200,1,32,25,FALSE,FALSE,FALSE,FALSE,FALSE,5,3,1,0,0,0,0,0,0,0,0,0,0,4,1,0,0
62385,1,23,41,FALSE,FALSE,FALSE,FALSE,FALSE,5,5,0,0,0,0,0,0,0,0,0,0,0,6,0,0,0
62402,1,19,41,FALSE,FALSE,FALSE,FALSE,FALSE,5,5,0,2,0,0,0,0,0,0,0,0,0,6,0,2,0
48174,1,20,158,FALSE,FALSE,FALSE,FALSE,FALSE,5,4,0,2,0,0,0,0,0,0,0,0,0,5,0,2,0
62659,1,41,38,FALSE,FALSE,FALSE,FALSE,FALSE,5,8,0,0,0,0,0,0,0,0,0,0,0,9,0,0,0
60648,1,18,56,FALSE,FALSE,FALSE,FALSE,FALSE,5,6,0,0,0,0,0,0,0,0,0,0,0,7,0,1,0
63362,1,22,32,FALSE,FALSE,FALSE,FALSE,FALSE,5,3,0,0,0,0,0,0,0,0,0,0,0,4,0,0,0
64058,1,18,26,FALSE,FALSE,FALSE,FALSE,FALSE,5,4,0,0,0,0,0,0,0,0,0,0,0,5,0,0,1
62898,1,30,36,FALSE,FALSE,FALSE,FALSE,FALSE,5,5,0,0,0,0,0,0,0,0,0,0,0,5,0,1,0
60865,1,36,54,FALSE,FALSE,FALSE,FALSE,FALSE,5,5,2,14,0,0,0,0,0,0,0,0,0,6,3,16,0
62918,1,30,36,FALSE,FALSE,FALSE,FALSE,FALSE,5,4,0,0,0,0,0,0,0,0,0,0,0,5,0,0,0
62722,1,19,38,FALSE,FALSE,FALSE,FALSE,FALSE,5,5,0,8,0,0,0,0,0,0,0,0,0,6,0,8,0
60962,1,27,53,FALSE,FALSE,FALSE,FALSE,FALSE,5,7,0,4,0,0,0,0,0,0,0,0,0,8,0,4,0
63814,1,18,28,FALSE,FALSE,FALSE,FALSE,FALSE,5,5,0,1,0,0,0,0,0,0,0,0,0,6,0,1,0
68290,1,,2,FALSE,FALSE,FALSE,FALSE,FALSE,0,0,0,0,0,0,0,0,0,0,0,0,0,0,0,0,3
55083,1,,103,FALSE,FALSE,FALSE,FALSE,FALSE,0,0,0,0,0,0,0,0,0,0,0,0,0,0,0,0,3
63120,1,,34,FALSE,FALSE,FALSE,FALSE,FALSE,0,0,0,0,0,0,0,0,0,0,0,0,0,0,0,0,3
